"","Sex","AgeGroup","condition","All_2019","All_2020","All_AbsChange","All_PctChange","white_2019","white_2020","white_AbsChange","white_PctChange","black_2019","black_2020","black_AbsChange","black_PctChange","hisp_2019","hisp_2020","hisp_AbsChange","hisp_PctChange"
"1","Both","25-64","1.AllCause",395.562186367561,475.425599790679,79.8634134231182,0.201898503384518,405.642059469293,460.676751769372,55.0346923000795,0.135673042317363,596.648881573203,761.43523413533,164.786352562127,0.276186476923631,275.856400863834,405.825794084678,129.969393220844,0.471148731056628
"2","Both","25-64","2.Covid",0,39.570547496916,39.570547496916,Inf,0,20.0676454062596,20.0676454062596,Inf,0,77.249443751272,77.249443751272,Inf,0,94.7204096419482,94.7204096419482,Inf
"3","Both","25-64","3.NonCovid",395.562186367561,435.855052293763,40.2928659262022,0.10186227934528,405.642059469293,440.609106363113,34.9670468938199,0.0862017290306823,596.648881573203,684.185790384058,87.5369088108554,0.146714276208889,275.856400863834,311.10538444273,35.2489835788959,0.127780190956291
"4","Both","25-64","Alzheimer.disease..G30.",0.822853448611197,0.877902799350701,0.0550493507395033,0.0669005529871875,0.936858909778118,0.981968407460137,0.0451094976820198,0.0481497237323637,0.71008946130129,0.845558844413434,0.135469383112144,0.190777909678995,0.589649694584485,0.659935287749191,0.0702855931647064,0.119198896921731
"5","Both","25-64","Cerebrovascular.diseases..I60.I69.",11.9077834995291,13.1808244411508,1.27304094162169,0.106908304276109,10.0349859485169,10.973969063582,0.93898311506508,0.0935709446811785,24.887376709121,27.9334809326584,3.04610422353737,0.122395552538127,10.5490428528639,11.8113531820056,1.26231032914179,0.119661124402306
"6","Both","25-64","Chronic.lower.respiratory.diseases..J40.J47.",13.6354010551588,13.8031352862602,0.167734231101416,0.0123013786263336,16.2589044074676,16.2907519022619,0.0318474947943663,0.00195877249759455,14.951665002034,16.034284584261,1.082619582227,0.07240796139291,3.64140450153088,4.01623713128471,0.374832629753828,0.102936279008895
"7","Both","25-64","Diabetes.mellitus..E10.E14.",14.5693922255484,17.3515938363339,2.78220161078553,0.190962091466434,12.7446710879689,14.4485187155276,1.70384762755865,0.133690984710236,27.7055354415097,35.977811931895,8.27227649038531,0.298578473888341,14.2195917539238,17.5037581319108,3.28416637798706,0.23096066573647
"8","Both","25-64","Diseases.of.heart..I00.I09.I11.I13.I20.I51.",73.4965801909222,81.5414368249682,8.044856634046,0.10945892466218,72.2270039234878,79.0937784700212,6.86677454653342,0.0950721222467929,134.222129728151,154.136253140543,19.9141234123922,0.148366915744264,44.8718951335857,51.3151795342894,6.44328440070373,0.143592874370957
"9","Both","25-64","ExternalCause",86.3072694823282,101.491646342525,15.1843768601966,0.175933927133515,95.347564084467,108.589098856392,13.2415347719246,0.138876487292262,112.120247624824,147.382235948314,35.2619883234895,0.314501520202513,58.7190787226707,70.3130510714829,11.5939723488122,0.197448131016673
"10","Both","25-64","Influenza.and.pneumonia..J09.J18.",5.13964467111927,6.19152500594705,1.05188033482778,0.204660127720212,5.06308415680092,5.80997765086097,0.746893494060052,0.14751749544925,7.94492985430197,10.3940944626465,2.4491646083445,0.308267618878767,4.06108790088476,5.5586506362347,1.49756273534994,0.368759005443758
"11","Both","25-64","Malignant.neoplasms..C00.C97.",94.3085502190796,93.2483671592811,-1.06018305979849,-0.0112416430677354,97.9372457769964,97.5539671544759,-0.383278622520479,-0.00391351236681911,124.65032649815,121.245360859287,-3.40496563886295,-0.0273161389506146,65.9171792179801,64.7259170400178,-1.19126217796237,-0.0180721049064162
"12","Both","25-64","Nephritis..nephrotic.syndrome.and.nephrosis..N00.N07.N17.N19.N25.N27.",5.36135972503194,5.70549087785882,0.344131152826878,0.0641872902540275,4.14535557871625,4.2113826616068,0.0660270828905469,0.0159279660421783,13.8178654658822,15.332600722068,1.51473525618586,0.109621508468577,4.97969884674298,5.44444814995598,0.464749303213008,0.0933287970851856
"13","Both","25-64","Other.diseases.of.respiratory.system..J00.J06.J30.J39.J67.J70.J98.",4.1321724999457,4.60533420525477,0.473161705309074,0.114506764980236,4.11906574672539,4.36799191415511,0.248926167429717,0.0604326764212517,6.63085788811654,8.19835707801822,1.56749918990168,0.236394628922882,3.08439517996738,3.82309073402632,0.738695554058943,0.239494458705112
"14","Both","25-64","Septicemia..A40.A41.",5.27592256162837,5.95640380318956,0.680481241561189,0.128978625749799,5.02935449947212,5.76140360757852,0.732049108106402,0.145555281136623,10.254553119671,11.0466659919571,0.792112872286072,0.0772449918628422,3.70559811466913,4.14480424177818,0.439206127109048,0.118525029838068
"15","Both","25-64","Symptoms..signs.and.abnormal.clinical.and.laboratory.findings..not.elsewhere.classified..R00.R99.",4.50524044233718,4.96327991691542,0.458039474578242,0.101668152996652,4.58301159143129,4.80528615463586,0.22227456320457,0.0484996729268914,7.31213178907238,8.40666467049847,1.0945328814261,0.149687247576941,2.95927276993082,3.46842272454943,0.509149954618603,0.172052390638699
"16","Both","25-64","Unknown",76.1000163463209,86.9381117947276,10.8380954484067,0.142419094880138,77.2149537574642,87.721011804555,10.5060580470909,0.13606247929761,111.441172991067,127.252421217498,15.8112482264307,0.141879772099115,58.5585061744996,68.320536577445,9.76203040294541,0.166705591393594
"17","Both","25+","1.AllCause",1253.73835590538,1467.18106614886,213.442710243477,0.170245019017019,1299.77934845413,1468.90892570831,169.129577254178,0.130121760632164,1521.43050233757,1934.77758489808,413.347082560504,0.271683183638966,918.186551722724,1278.89719584533,360.710644122611,0.392851151485323
"18","Both","25+","2.Covid",0,154.788527754977,154.788527754977,Inf,0,121.943325835811,121.943325835811,Inf,0,259.169794813145,259.169794813145,Inf,0,285.79149961378,285.79149961378,Inf
"19","Both","25+","3.NonCovid",1253.73835590538,1312.39253839388,58.6541824885005,0.0467834314968722,1299.77934845413,1346.9655998725,47.1862514183676,0.0363032783021887,1521.43050233757,1675.60779008493,154.177287747359,0.101337055823763,918.186551722724,993.105696231555,74.9191445088311,0.0815946872324213
"20","Both","25+","Alzheimer.disease..G30.",54.4881263045982,59.2498918073175,4.76176550271928,0.0873908835862729,57.5552007471972,62.1255155167422,4.57031476954499,0.0794075028878699,50.4928050150171,57.62412318549,7.13131817047289,0.141234343553541,46.5322385673531,53.0071706443016,6.47493207694848,0.139149378501882
"21","Both","25+","Cerebrovascular.diseases..I60.I69.",67.1509477718826,70.649719070548,3.49877129866539,0.0521030814122089,64.9424211769365,67.7663970621347,2.82397588519819,0.0434843024639355,96.5097473084224,104.689979288378,8.18023197995527,0.0847606817766622,59.7176932349841,63.6275161520983,3.90982291711418,0.0654717673324948
"22","Both","25+","Chronic.lower.respiratory.diseases..J40.J47.",70.524956413995,67.2389486438267,-3.28600777016833,-0.0465935455653291,80.8610900240841,76.6815223536501,-4.179567670434,-0.0516882430003,53.3548692383812,55.8421811997288,2.48731196134766,0.0466182748988614,29.4960087917528,29.1368742800985,-0.359134511654254,-0.0121756985560253
"23","Both","25+","Diabetes.mellitus..E10.E14.",39.2372142970725,44.9762808714821,5.73906657440965,0.146265902848201,34.6798228894519,38.4268506322032,3.74702774275126,0.108046334454924,69.9383956725272,85.3129591292518,15.3745634567246,0.219830084875166,47.2794857203018,56.8184636455309,9.53897792522915,0.201757226837455
"24","Both","25+","Diseases.of.heart..I00.I09.I11.I13.I20.I51.",294.964730031135,307.479409635615,12.5146796044802,0.0424277153514564,303.826396154278,312.022858708617,8.19646255433918,0.0269774537633562,377.679968106661,420.282701540331,42.60273343367,0.112801146556013,204.357223451733,225.592299790733,21.2350763389998,0.103911552429246
"25","Both","25+","ExternalCause",98.9979381886737,110.818269726046,11.8203315373726,0.119399774921019,108.858352952643,119.08319947563,10.2248465229869,0.0939279921627602,111.266806207293,140.301693467477,29.0348872601839,0.260948329963665,65.3858016661325,74.6939545129523,9.30815284681981,0.142357401907349
"26","Both","25+","Influenza.and.pneumonia..J09.J18.",22.0752307039917,23.4734250881173,1.39819438412565,0.0633377020097384,22.4374999747936,22.8928086389573,0.45530866416367,0.0202923081749378,24.6635860532617,30.8059840016659,6.14239794840421,0.249047236486191,17.8452422740222,21.9734203986174,4.12817812459526,0.231332142271039
"27","Both","25+","Malignant.neoplasms..C00.C97.",268.440131787743,265.012891013446,-3.42724077429642,-0.0127672444186042,278.950568225728,276.537308249531,-2.41325997619731,-0.00865121011061891,319.557332820561,312.546064323747,-7.01126849681435,-0.0219405652029,193.288410777973,189.216713152628,-4.07169762534497,-0.0210653996737655
"28","Both","25+","Nephritis..nephrotic.syndrome.and.nephrosis..N00.N07.N17.N19.N25.N27.",23.1063441585557,23.1504388070876,0.0440946485319209,0.00190833514074505,20.7598734303774,20.4919258310002,-0.267947599377187,-0.0129069958097676,45.9661444432869,48.0970407458251,2.1308963025382,0.0463579516695664,21.6412694292769,21.4550950770244,-0.186174352252525,-0.00860274638051792
"29","Both","25+","Other.diseases.of.respiratory.system..J00.J06.J30.J39.J67.J70.J98.",19.6144913762092,19.7445219993435,0.130030623134303,0.00662931404339241,20.6015118194885,20.3647371719741,-0.236774647514441,-0.0114930714594673,18.4929447743309,21.7050961593078,3.21215138497696,0.173696045933992,16.7187505595817,17.2430180040062,0.524267444424517,0.0313580517010617
"30","Both","25+","Septicemia..A40.A41.",17.0984890028314,17.6367276489622,0.538238646130786,0.031478725754168,16.8419205496409,17.2378139118742,0.395893362233281,0.0235064261861585,28.935902772378,30.4111253901446,1.47522261776655,0.050982429315279,12.266430010737,13.0541653612542,0.787735350517211,0.0642187946963947
"31","Both","25+","Symptoms..signs.and.abnormal.clinical.and.laboratory.findings..not.elsewhere.classified..R00.R99.",13.0142842294053,13.5835145648921,0.569230335486724,0.0437388891661493,13.8977950465476,14.0350767759355,0.137281729387842,0.00987795034593957,15.441431149365,18.0088977189047,2.56746656953967,0.166271283063374,6.85300832518957,7.81614592899354,0.963137603803968,0.14054230756787
"32","Both","25+","Unknown",265.025471639286,289.378499517195,24.3530278779087,0.091889386055143,275.566895462961,299.299585544246,23.7326900812853,0.0861231536589825,309.130568776088,349.979943934682,40.8493751585937,0.13214278782045,196.804988913687,219.470859283317,22.6658703696305,0.115169185978162
"33","Both","65+","1.AllCause",3889.90257885127,4513.67707842157,623.774499570309,0.160357357781057,4046.40972027288,4566.01844669652,519.60872642364,0.128412287025793,4362.19479903191,5539.0761382054,1176.88133917348,0.269791101359037,2891.31027983275,3960.81691710512,1069.50663727237,0.369903792316002
"34","Both","65+","2.Covid",0,508.717625506507,508.717625506507,Inf,0,434.88725677867,434.88725677867,Inf,0,817.996685978561,817.996685978561,Inf,0,872.727829591676,872.727829591676,Inf
"35","Both","65+","3.NonCovid",3889.90257885127,4004.95945291507,115.056874063801,0.0295783433470405,4046.40972027288,4131.13118991785,84.7214696449691,0.0209374422022829,4362.19479903191,4721.07945222684,358.884653194921,0.0822715788104115,2891.31027983275,3088.08908751344,196.778807680698,0.0680586961051032
"36","Both","65+","Alzheimer.disease..G30.",219.33827868505,238.55823723465,19.2199585496002,0.0876270146042239,231.476654654159,249.947593401174,18.4709387470156,0.0797961192873311,203.416433428605,232.037752064031,28.6213186354264,0.140703079652962,187.659682319527,213.808546766632,26.1488644471049,0.13934194134775
"37","Both","65+","Cerebrovascular.diseases..I60.I69.",236.848101324319,247.183919543459,10.3358182191399,0.0436390165736938,233.608274950099,242.222612625246,8.6143376751472,0.0368751392774392,316.520903104248,340.472260393813,23.9513572895656,0.07567069679969,210.755022898527,222.79753256686,12.0425096683327,0.0571398465512771
"38","Both","65+","Chronic.lower.respiratory.diseases..J40.J47.",245.279529914949,231.384242346279,-13.8952875686697,-0.0566508243614454,279.307488900846,262.191204527447,-17.1162843733994,-0.0612811508948678,171.322667282534,178.12494384617,6.80227656363542,0.0397044750209121,108.916744588941,106.3029938485,-2.61375074044079,-0.0239976942967334
"39","Both","65+","Diabetes.mellitus..E10.E14.",115.012366662313,129.834395343892,14.8220286815794,0.128873347377489,102.060699283513,112.084012143347,10.0233128598339,0.0982093296459817,199.670214296251,236.861737331149,37.1915230348982,0.186264752436821,148.833587059991,177.586231138393,28.7526440784021,0.193186528970861
"40","Both","65+","Diseases.of.heart..I00.I09.I11.I13.I20.I51.",975.275409649767,1001.52058867362,26.245179023855,0.0269105308758682,1015.25844650314,1027.53947360061,12.2810270974746,0.0120964540012194,1125.53905125368,1237.83715042872,112.298099175037,0.0997727258329724,694.2677237905,760.940548327514,66.6728245370139,0.0960333056720534
"41","Both","65+","ExternalCause",137.981410343283,139.46799428991,1.48658394662664,0.0107737987525144,150.361088058004,151.319206004837,0.958117946832346,0.00637211368451081,108.64518629854,118.551529072811,9.90634277427075,0.0911806874448135,85.8647862052997,88.1513089892506,2.28652278395093,0.0266293423066813
"42","Both","65+","Influenza.and.pneumonia..J09.J18.",74.0983322293165,76.5603416424172,2.46200941310072,0.0332262459765139,75.808608378613,75.3682204203214,-0.440387958291566,-0.00580920778933343,76.0203177965427,93.5076702468877,17.487352450345,0.23003524527676,60.1877074832319,72.3966671764813,12.2089596932493,0.202848059907427
"43","Both","65+","Malignant.neoplasms..C00.C97.",803.341311417928,792.642891272655,-10.6984201452738,-0.0133174031924122,834.991229169396,826.342228318814,-8.64900085058207,-0.0103581936533461,918.276914075473,900.187726022399,-18.0891880530741,-0.0196990556724236,584.55013021239,571.63024833021,-12.9198818821795,-0.0221022649973326
"44","Both","65+","Nephritis..nephrotic.syndrome.and.nephrosis..N00.N07.N17.N19.N25.N27.",77.6157732954427,76.7382092842777,-0.877564011165063,-0.0113065163678088,71.7967107334141,70.5028524410867,-1.29385829232743,-0.0180211360535945,144.719927032193,148.743560238439,4.02363320624613,0.0278028968695588,72.8226443344071,70.6369485396849,-2.18569579472224,-0.0300139580854185
"45","Both","65+","Other.diseases.of.respiratory.system..J00.J06.J30.J39.J67.J70.J98.",67.1734152412548,66.2494083430524,-0.92400689820235,-0.0137555444350084,71.2326481595407,69.5038871846723,-1.72876097486844,-0.0242692223234002,54.9311612721798,63.1953910412278,8.26422976904799,0.150447024560419,58.6010599623542,58.4666424757853,-0.134417486568879,-0.00229377227400374
"46","Both","65+","Septicemia..A40.A41.",53.4153057381236,53.5166004858302,0.101294747706589,0.00189636184435977,53.1280178662454,52.4913006969072,-0.636717169338191,-0.0119845835570449,86.3216789555262,89.8952929471189,3.57361399159267,0.0413988007975821,38.5637796274505,40.4221346269548,1.85835499950436,0.0481891302527189
"47","Both","65+","Symptoms..signs.and.abnormal.clinical.and.laboratory.findings..not.elsewhere.classified..R00.R99.",39.1525500065005,40.0633388469308,0.910788840430243,0.0232625675793537,42.5111494608173,42.38734835469,-0.123801106127281,-0.00291220321486225,40.4131897368377,47.5052460458803,7.09205630904261,0.175488654947175,18.8138698927084,21.1715766315261,2.35770673881771,0.125317478661393
"48","Both","65+","Unknown",845.370794343018,911.239285608091,65.8684912650731,0.0779166866253795,884.868704155092,949.231250198694,64.3625460436011,0.0727368317371525,916.397154499306,1034.15919254819,117.762038048887,0.128505460182522,621.473541457419,683.777708095652,62.3041666382329,0.100252323682394
"49","Female","25-64","1.AllCause",292.515302776342,342.735352474917,50.2200496985752,0.171683495604924,302.976824224143,338.865701362551,35.8888771384079,0.118454199360995,443.049193882573,553.818689309395,110.769495426822,0.250016244146876,188.008438393862,259.19967398917,71.1912355953083,0.378659788908882
"50","Female","25-64","2.Covid",0,26.9038573145365,26.9038573145365,Inf,0,14.7245341535969,14.7245341535969,Inf,0,59.382584140286,59.382584140286,Inf,0,54.5894499038092,54.5894499038092,Inf
"51","Female","25-64","3.NonCovid",292.515302776342,315.831495160381,23.3161923840387,0.0797093080694869,302.976824224143,324.141167208954,21.164342984811,0.0698546598044528,443.049193882573,494.436105169109,51.3869112865363,0.115984662642578,188.008438393862,204.610224085361,16.6017856914991,0.0883034071945205
"52","Female","25-64","Alzheimer.disease..G30.",0.912996279255009,0.984021854261382,0.071025575006373,0.0777939369745611,1.05358921506311,1.1390686422969,0.0854794272337884,0.0811316460074698,0.70632440737982,0.804216973437576,0.0978925660577558,0.138594341403121,0.64681390638128,0.729901756385547,0.0830878500042678,0.128457117548876
"53","Female","25-64","Cerebrovascular.diseases..I60.I69.",9.8645970656767,10.5774048321466,0.712807766469883,0.0722591872454737,8.534797527233,9.01430325745405,0.479505730221048,0.0561824376842018,20.2303013085116,22.141486472034,1.91118516352246,0.0944714136669017,7.70568422347011,8.39422374998641,0.688539526516299,0.0893547550805591
"54","Female","25-64","Chronic.lower.respiratory.diseases..J40.J47.",13.4371710723923,13.4084305335676,-0.0287405388246089,-0.0021388831525453,16.4225436014382,16.0448950523993,-0.37764854903892,-0.0229957403800619,13.8412545625157,14.9769732427161,1.13571868020033,0.0820531603599024,3.22473797335579,3.72878978291688,0.504051809561087,0.156307834535948
"55","Female","25-64","Diabetes.mellitus..E10.E14.",10.459689496069,12.451892290834,1.99220279476493,0.190464812125985,8.73266187367613,10.1039857000666,1.37132382639052,0.157033885684302,21.9441544404531,27.4604740349226,5.51631959446941,0.25137991119404,10.1929514478078,12.324511574835,2.13156012702729,0.209120992868629
"56","Female","25-64","Diseases.of.heart..I00.I09.I11.I13.I20.I51.",43.9059719214831,48.220507557561,4.31453563607793,0.0982676261851941,42.2453834242161,45.7695264530378,3.52414302882168,0.0834207845490061,89.9488019856068,102.022839009474,12.0740370238675,0.13423232724989,23.5140499447163,26.7012080346547,3.18715808993831,0.135542711588672
"57","Female","25-64","ExternalCause",45.4236684957663,52.4903351938567,7.06666669809033,0.155572346578502,54.0553016209151,61.244458150545,7.18915652962993,0.132996326244682,48.8559633329141,63.8671801101802,15.0112167772661,0.30725454485416,24.617245038276,28.0594963233715,3.44225128509552,0.139830890083084
"58","Female","25-64","Influenza.and.pneumonia..J09.J18.",4.36254095244457,5.1295656666991,0.767024714254531,0.175820633574735,4.45812328533521,5.05523950558239,0.597116220247177,0.133938920489562,6.51268335355839,8.31353567522368,1.80085232166529,0.276514644410179,3.05840622941181,3.92164253510242,0.863236305690603,0.282250375175511
"59","Female","25-64","Malignant.neoplasms..C00.C97.",88.688447840643,87.8523734954045,-0.836074345238487,-0.00942709412099262,91.3538603566346,90.9820354688746,-0.371824887759971,-0.00407016065121288,117.843294571462,115.359113702604,-2.48418086885769,-0.0210803752380773,64.6740908536477,63.488834391038,-1.18525646260974,-0.0183266041619647
"60","Female","25-64","Nephritis..nephrotic.syndrome.and.nephrosis..N00.N07.N17.N19.N25.N27.",4.27315753599121,4.54821817498928,0.275060638998067,0.0643694122393882,3.32346909873064,3.33854949777713,0.0150803990464876,0.00453754754399474,11.0701659369142,12.4046285201389,1.3344625832247,0.120545851871547,3.7263234741695,4.01692355126176,0.290600077092258,0.0779857355666166
"61","Female","25-64","Other.diseases.of.respiratory.system..J00.J06.J30.J39.J67.J70.J98.",3.73715620628058,4.00909355533266,0.271937349052074,0.0727658502995037,3.67713151209601,3.85209343320269,0.174961921106683,0.0475810888272942,6.32119785894909,7.40626236701483,1.08506450806574,0.171654887614313,2.66621233914085,3.03080427165171,0.364591932510856,0.136745272369544
"62","Female","25-64","Septicemia..A40.A41.",4.77716319177339,5.50929817784542,0.732134986072032,0.153257269362876,4.61165876400422,5.41250388750798,0.800845123503759,0.173656630831983,9.59818191660752,10.2955199257007,0.697338009093137,0.0726531352658099,2.81175117640861,3.43390049766167,0.622149321253054,0.221267559687736
"63","Female","25-64","Symptoms..signs.and.abnormal.clinical.and.laboratory.findings..not.elsewhere.classified..R00.R99.",3.22541106247877,3.51140611429922,0.285995051820445,0.0886693343206473,3.50666709252353,3.57534748941736,0.0686803968938277,0.0195856621349256,5.06855460566392,5.9721710327491,0.903616427085179,0.178278917243078,1.54985988585559,1.80056598931515,0.250706103459562,0.161760495737433
"64","Female","25-64","Unknown",59.4473316560883,67.1389477135834,7.69161605749518,0.129385387757895,61.0016368522774,68.6091606707924,7.607523818515,0.124710158793567,91.1083156020373,103.411704102914,12.3033885008764,0.135041334257762,39.6203119012207,44.9794216271805,5.35910972595975,0.135261674348269
"65","Female","25+","1.AllCause",1063.92092327107,1230.08131382308,166.160390552003,0.156177387733982,1109.02212009588,1245.15042519317,136.128305097289,0.1227462488174,1257.78036322628,1580.79359744763,323.013234221356,0.256812114153865,761.855728226744,1016.12559596391,254.26986773717,0.333750680498256
"66","Female","25+","2.Covid",0,121.490628238789,121.490628238789,Inf,0,99.3456130427998,99.3456130427998,Inf,0,205.118817698088,205.118817698088,Inf,0,198.052988756811,198.052988756811,Inf
"67","Female","25+","3.NonCovid",1063.92092327107,1108.59068558429,44.6697623132143,0.0419859797247666,1109.02212009588,1145.80481215037,36.7826920544894,0.0331667794428749,1257.78036322628,1375.67477974954,117.894416523268,0.0937321172838652,761.855728226744,818.072607207103,56.2168789803592,0.0737894025043386
"68","Female","25+","Alzheimer.disease..G30.",61.3257686591036,67.5192294945096,6.19346083540603,0.100992795864233,65.1027846804868,71.2061943870752,6.10340970658844,0.0937503631610063,54.86387502776,63.0892961813553,8.22542115359524,0.149924174138873,51.9062059599955,59.6636282634417,7.75742230344618,0.149450767205464
"69","Female","25+","Cerebrovascular.diseases..I60.I69.",65.1359437297241,68.0852191058049,2.94927537608076,0.0452787694044708,63.8989704365127,66.4205983202326,2.5216278837199,0.0394627310345365,88.4747068169701,94.2059026352926,5.73119581832243,0.0647777881895523,55.2226259734293,58.6311513954221,3.40852542199284,0.0617233491147791
"70","Female","25+","Chronic.lower.respiratory.diseases..J40.J47.",65.7821427564047,61.9250675510084,-3.85707520539628,-0.0586340767232115,77.2443473150898,72.1620409529405,-5.08230636214925,-0.0657951881115373,44.3410371216716,46.8227751445579,2.48173802288639,0.0559693273767259,24.6461781823015,24.5382559097093,-0.107922272592141,-0.00437886441434724
"71","Female","25+","Diabetes.mellitus..E10.E14.",30.5634778338763,35.2851954732027,4.72171763932644,0.154488885885,25.8356670700939,29.0479440033927,3.21227693329882,0.124334971672444,58.8406317834863,71.1684819306572,12.3278501471709,0.209512538759496,38.6715771683328,46.330119754076,7.65854258574315,0.19804060621594
"72","Female","25+","Diseases.of.heart..I00.I09.I11.I13.I20.I51.",230.330530763174,237.952810704037,7.62227994086328,0.0330927902419524,236.489891557391,240.496654444011,4.00676288662012,0.0169426391133837,298.468849128831,330.873528628373,32.4046794995421,0.108569720405076,158.693906402642,173.273284778436,14.5793783757943,0.0918710661693784
"73","Female","25+","ExternalCause",58.9781270901384,64.4086796937387,5.43055260360035,0.0920774000724141,68.1347315661462,73.6916872242483,5.55695565810203,0.0815583408104756,53.9286255594362,66.1106490051536,12.1820234457175,0.225891598744554,33.3327299090748,35.7526581471733,2.41992823809843,0.0725991613858066
"74","Female","25+","Influenza.and.pneumonia..J09.J18.",19.1920763938073,19.7402381217139,0.548161727906628,0.0285618771340188,19.7166523551383,19.6245360034271,-0.0921163517111623,-0.00467200770455113,21.0094817992195,24.83535927833,3.82587747911042,0.182102420025065,14.8253447080969,17.8830128769897,3.05766816889283,0.206246008379345
"75","Female","25+","Malignant.neoplasms..C00.C97.",230.010942916157,227.240342153033,-2.77060076312438,-0.0120455171740864,239.098284367324,236.988055632824,-2.1102287345002,-0.00882577949099073,271.179719588977,265.133217281488,-6.04650230748859,-0.0222970298688014,165.750824160144,163.700228254119,-2.05059590602568,-0.0123715578273351
"76","Female","25+","Nephritis..nephrotic.syndrome.and.nephrosis..N00.N07.N17.N19.N25.N27.",19.4740254236455,19.4986773828208,0.0246519591753298,0.00126588923651076,17.2734642870728,16.9759995794686,-0.297464707604192,-0.0172209061633809,39.2999352470945,41.5095515687122,2.2096163216177,0.0562244265219512,18.3308931177425,17.9399185360584,-0.390974581684087,-0.0213287251839171
"77","Female","25+","Other.diseases.of.respiratory.system..J00.J06.J30.J39.J67.J70.J98.",16.780651219926,16.7043464785973,-0.0763047413287516,-0.00454718594223234,17.501607441401,17.2358755493036,-0.265731892097406,-0.015183284906094,16.6193511850531,19.1165436865704,2.49719250151738,0.150258122216183,14.8671264433675,14.5478132733565,-0.319313170011048,-0.0214778001133836
"78","Female","25+","Septicemia..A40.A41.",15.4401522682618,16.1049389043481,0.664786636086339,0.0430557046676833,15.3017094121351,15.8068094256391,0.50510001350399,0.0330093847621636,25.6776253061115,27.5290447337566,1.85141942764503,0.0721024395976513,10.4887165785851,11.6846828224551,1.19596624386999,0.114024078628628
"79","Female","25+","Symptoms..signs.and.abnormal.clinical.and.laboratory.findings..not.elsewhere.classified..R00.R99.",11.7931107434643,12.2559376639235,0.462826920459193,0.0392455333055945,12.9389921800641,13.0429703614839,0.103978181419803,0.00803603402589644,12.797853434091,14.9881621688732,2.1903087347822,0.17114657126387,5.29372641892828,6.10579616352162,0.812069744593338,0.153402287978029
"80","Female","25+","Unknown",239.113973473392,261.870002857551,22.7560293841594,0.0951681286275462,250.48501742702,273.105446266319,22.6204288392987,0.0903065144241181,272.278671227574,310.292267506423,38.0135962788493,0.139612831616462,169.825873204103,188.022057032344,18.196183828241,0.107146122583878
"81","Female","65+","1.AllCause",3433.54148640414,3955.84993769589,522.308451291749,0.152119452571039,3585.04959146608,4029.09555157828,444.045960112201,0.123860479132344,3760.48928964571,4735.47745700434,974.98816735863,0.259271624584387,2524.61231433262,3341.26710624936,816.654791916746,0.323477306705854
"82","Female","65+","2.Covid",0,412.044328429252,412.044328429252,Inf,0,359.286483685873,359.286483685873,Inf,0,652.794549708766,652.794549708766,Inf,0,638.747407742099,638.747407742099,Inf
"83","Female","65+","3.NonCovid",3433.54148640414,3543.80560926664,110.264122862497,0.0321138169726831,3585.04959146608,3669.80906789241,84.7594764263285,0.0236424836711022,3760.48928964571,4082.68290729557,322.193617649863,0.0856786425471294,2524.61231433262,2702.51969850726,177.907384174647,0.0704691897304942
"84","Female","65+","Alzheimer.disease..G30.",246.903036835288,271.903527466756,25.0004906314678,0.10125631078465,261.850496383261,286.43991521215,24.5894188288894,0.093906328872865,221.226216951932,254.417957194736,33.1917402428041,0.150035292833381,209.365921363733,240.697531158286,31.3316097945532,0.149649998387849
"85","Female","65+","Cerebrovascular.diseases..I60.I69.",234.919668565934,244.73897378846,9.81930522252679,0.0417985657925908,233.967840951801,242.762504082862,8.79466313106099,0.0375891964266694,298.109355975894,315.574943608987,17.465587633093,0.0585878547015657,201.186201135983,212.950038391483,11.7638372554994,0.0584723862226921
"86","Female","65+","Chronic.lower.respiratory.diseases..J40.J47.",226.576565280192,210.959528379617,-15.6170369005747,-0.0689260907510987,264.078086838895,244.543910279973,-19.5341765589221,-0.0739712135632036,138.03093255815,144.647402073863,6.6164695157139,0.0479346867625235,90.4490241331624,88.4612265645558,-1.98779756860662,-0.0219769929820372
"87","Female","65+","Diabetes.mellitus..E10.E14.",92.3187321080031,105.42503281389,13.1063007058872,0.141967945254644,78.3730504233695,87.2404071512592,8.86735672788971,0.1131429321685,172.180033385398,205.431691235369,33.2516578499706,0.193121450822012,126.152839067678,150.789286582153,24.6364475144749,0.195290472228358
"88","Female","65+","Diseases.of.heart..I00.I09.I11.I13.I20.I51.",802.9935453533,820.776626193149,17.7830808398492,0.0221459822968128,833.174396465252,838.663681528055,5.48928506280299,0.00658839864269872,939.005265261197,1033.86205450965,94.8567892484548,0.101018378445481,573.942329636375,623.516578067424,49.5742484310485,0.0863749646457626
"89","Female","65+","ExternalCause",100.615007810246,101.019709552857,0.40470174261128,0.00402228008941294,111.384230699967,111.927356220487,0.543125520520519,0.00487614375129567,69.5109397174352,73.0021855522546,3.49124583481947,0.0502258471689712,60.1051458972743,59.3846799640476,-0.720465933226755,-0.0119867595772599
"90","Female","65+","Influenza.and.pneumonia..J09.J18.",64.7457659054638,64.6216195516299,-0.12414635383395,-0.00191744359029157,66.5881338252632,64.3788178681795,-2.20931595708365,-0.033178823765826,65.5410625704394,75.5874563725528,10.0463938021135,0.153283962879245,50.9712822582165,60.7698539534584,9.79857169524187,0.19223710413254
"91","Female","65+","Malignant.neoplasms..C00.C97.",664.128457057988,655.415335968389,-8.71312108959864,-0.0131196321991633,692.942819489389,685.492524008132,-7.45029548125694,-0.0107516742676501,742.201885030014,725.212566246731,-16.9893187832823,-0.022890427963,476.240531953279,471.531767523807,-4.70876442947178,-0.00988736597063464
"92","Female","65+","Nephritis..nephrotic.syndrome.and.nephrosis..N00.N07.N17.N19.N25.N27.",66.1683820203131,65.423823150412,-0.744558869901084,-0.0112524871723856,60.1253629194715,58.8678153553915,-1.25754756407999,-0.020915425754091,126.016754612507,130.914687222343,4.89793260983564,0.0388673127227917,63.1935277987351,60.7088773559508,-2.48465044278429,-0.0393181157839082
"93","Female","65+","Other.diseases.of.respiratory.system..J00.J06.J30.J39.J67.J70.J98.",56.8479428992832,55.7019005304458,-1.14604236883737,-0.0201597860958276,59.9679332838415,58.348468551239,-1.61946473260251,-0.0270055118447592,48.2534425573492,55.0884405429811,6.83499798563192,0.141647882998369,52.3461597590099,49.9260120201138,-2.42014773889607,-0.0462335298336667
"94","Female","65+","Septicemia..A40.A41.",48.1949540337781,48.6528585435496,0.457904509771481,0.00950108821455773,48.1396395020132,47.7362632541541,-0.403376247859072,-0.00837929515118622,75.070809238407,80.4673610688681,5.39655183046115,0.0718861550209615,34.0709858752381,37.0296154225396,2.95862954730142,0.0868372156337182
"95","Female","65+","Symptoms..signs.and.abnormal.clinical.and.laboratory.findings..not.elsewhere.classified..R00.R99.",38.1115569712626,39.1175798719052,1.00602290064259,0.0263967935343383,41.9134135373489,42.1258202210036,0.212406683654663,0.00506774957533316,36.5408816877542,42.6836798389196,6.14279815116549,0.168107551526982,16.7942170644399,19.3306958515454,2.53647878710553,0.151032869074694
"96","Female","65+","Unknown",791.017871563091,860.049093455578,69.0312218924868,0.0872688524167951,832.544187146208,901.281584159522,68.7373970133144,0.0825630616062941,828.801710099229,945.792481828311,116.990771729082,0.141156527916763,569.794148389492,627.4235356519,57.6293872624079,0.101140714458539
"97","Male","25-64","1.AllCause",502.555781774162,612.943716127658,110.387934353496,0.219653097938294,510.209331756352,584.578348126148,74.3690163697964,0.145761772160826,771.330130204401,997.035106050861,225.70497584646,0.292617864916866,363.776050227749,552.412802396998,188.636752169249,0.518551872920576
"98","Male","25-64","2.Covid",0,52.8460138964181,52.8460138964181,Inf,0,25.5854137020169,25.5854137020169,Inf,0,97.975951311059,97.975951311059,Inf,0,135.392418965971,135.392418965971,Inf
"99","Male","25-64","3.NonCovid",502.555781774162,560.09770223124,57.5419204570779,0.114498574176062,510.209331756352,558.992934424131,48.7836026677795,0.0956148773285783,771.330130204401,899.059154739802,127.729024535401,0.165595792947376,363.776050227749,417.020383431027,53.2443332032777,0.146365691666461
"100","Male","25-64","Alzheimer.disease..G30.",0.726207180177598,0.76515117365936,0.0389439934817618,0.0536265607732463,0.814563204611934,0.818567835261024,0.0040046306490894,0.00491629210160217,0.714653224688037,0.894448197062136,0.1797949723741,0.251583517939885,0.528039744394954,0.588049780011044,0.0600100356160902,0.113646815894231
"101","Male","25-64","Cerebrovascular.diseases..I60.I69.",14.0661328927988,15.9200521824303,1.85391928963147,0.131800211455459,11.5901201942869,12.9955722816848,1.40545208739789,0.1212629432515,30.3243695027653,34.6912004877119,4.36683098494652,0.144004015798195,13.4547987414946,15.266885560099,1.81208681860439,0.134679593015086
"102","Male","25-64","Chronic.lower.respiratory.diseases..J40.J47.",13.8570476036001,14.2267177122043,0.369670108604176,0.0266774077118804,16.1054260507389,16.5560600666173,0.450634015878368,0.0279802604698987,16.2563845246544,17.2534998744111,0.997115349756683,0.061336845732485,4.07023143174729,4.31392446652808,0.243693034780791,0.0598720340273569
"103","Male","25-64","Diabetes.mellitus..E10.E14.",18.8852095380597,22.4885519634128,3.60334242535315,0.190802353455029,16.8714723013451,18.9082897664566,2.03681746511155,0.120725531757485,34.3448759520917,45.8211610117185,11.4762850596268,0.334148391615543,18.3320691585403,22.7705806834526,4.43851152491224,0.242117323828908
"104","Male","25-64","Diseases.of.heart..I00.I09.I11.I13.I20.I51.",104.622657694851,116.556126586888,11.9334688920364,0.114061993405313,103.09810068352,113.388126739449,10.2900260559293,0.099808104976798,185.5099005241,214.508643986795,28.9987434626952,0.156319114940865,66.664247100225,76.3121037804503,9.64785668022532,0.14472310271082
"105","Male","25-64","ExternalCause",127.755897746359,151.027963872458,23.2720661260988,0.182160405402983,136.558981495215,155.748813832817,19.1898323376023,0.14052413197205,181.699917603062,238.779319424413,57.0794018213505,0.314141044059497,91.7604376043742,111.084992418766,19.324554814392,0.210597892936278
"106","Male","25-64","Influenza.and.pneumonia..J09.J18.",5.95652174024358,7.30665868839356,1.35013694814997,0.226665327019316,5.68922697579439,6.58765427760544,0.898427301811042,0.157917289226379,9.60691358309881,12.8206541742648,3.21374059116602,0.334523732660599,5.06973398724161,7.21675979567819,2.14702580843657,0.423498710946124
"107","Male","25-64","Malignant.neoplasms..C00.C97.",100.426057771652,99.1154754446548,-1.31058232699725,-0.0130502217858361,104.899640082991,104.492590049098,-0.407050033892361,-0.00388037588661244,132.926321436133,128.449192353507,-4.47712908262639,-0.0336812832421419,67.4171510371376,66.1871076279415,-1.23004340919607,-0.0182452594076318
"108","Male","25-64","Nephritis..nephrotic.syndrome.and.nephrosis..N00.N07.N17.N19.N25.N27.",6.51086922488254,6.92146593736088,0.410596712478341,0.063063271323154,4.99584843885886,5.1089235966347,0.113075157775842,0.0226338246965855,17.010386491814,18.7332998916215,1.72291339980751,0.101285964351053,6.27817511035697,6.90329282680413,0.625117716447161,0.0995699714421659
"109","Male","25-64","Other.diseases.of.respiratory.system..J00.J06.J30.J39.J67.J70.J98.",4.54956877219103,5.23335820935395,0.683789437162924,0.150297637293131,4.57544572882444,4.9020015901786,0.326555861354162,0.0713713768468331,6.99414802552317,9.12370942583055,2.12956140030738,0.304477599349649,3.51064765789777,4.62305895962386,1.11241130172609,0.316867828995468
"110","Male","25-64","Septicemia..A40.A41.",5.80320112370288,6.42891741299348,0.62571628929061,0.107822609617114,5.46280373219072,6.12356983465874,0.660766102468027,0.120957320610719,11.0240017855989,11.9365641550446,0.912562369445698,0.0827795919479814,4.62200924439571,4.85910758850987,0.237098344114163,0.0512976784721168
"111","Male","25-64","Symptoms..signs.and.abnormal.clinical.and.laboratory.findings..not.elsewhere.classified..R00.R99.",5.82737161598568,6.4589108661196,0.631539250133927,0.108374631266262,5.67609619068363,6.04962209919326,0.373525908509633,0.0658068320129447,9.86152207226278,11.1758068824626,1.31428481019983,0.133274032200007,4.35692145760157,5.11224876215448,0.755327304552908,0.173362616678591
"112","Male","25-64","Unknown",93.569038869658,107.648352181312,14.0793133116535,0.150469786606081,93.8716066772914,107.313142454476,13.4415357771847,0.14319064361382,135.056735478609,154.87165487496,19.814919396351,0.146715521637122,77.7115879523418,91.7822711810079,14.070683228666,0.181062871052064
"113","Male","25+","1.AllCause",1479.09805428098,1746.54372206913,267.445667788153,0.180816726121761,1521.41423196719,1727.46774349261,206.053511525421,0.135435509406924,1877.17387838602,2410.99417677214,533.820298386125,0.284374454882731,1105.90008984191,1592.4617291696,486.56163932769,0.439968893932585
"114","Male","25+","2.Covid",0,196.115474619425,196.115474619425,Inf,0,150.260832941288,150.260832941288,Inf,0,339.069713853939,339.069713853939,Inf,0,394.166762959395,394.166762959395,Inf
"115","Male","25+","3.NonCovid",1479.09805428098,1550.42824744971,71.3301931687279,0.0482254661631633,1521.41423196719,1577.20691055132,55.792678584133,0.0366715897694693,1877.17387838602,2071.9244629182,194.750584532186,0.103746694312427,1105.90008984191,1198.2949662102,92.3948763682947,0.0835472184304668
"116","Male","25+","Alzheimer.disease..G30.",43.4416553256872,46.0913923598827,2.64973703419553,0.0609953054120554,45.7063365862021,48.0909170464577,2.38458046025559,0.0521717695698117,41.4154934564307,46.2958830211069,4.88038956467626,0.117839705805038,37.6275528656961,42.1456834753131,4.51813060961701,0.120075058448355
"117","Male","25+","Cerebrovascular.diseases..I60.I69.",68.3077016522852,72.430599293645,4.12289764135984,0.0603577274836024,64.8861428712333,68.0446815869597,3.15853871572637,0.0486781703451613,105.712219598663,117.353314263353,11.6410946646893,0.11012061527877,64.5600733630523,68.8152881168501,4.25521475379777,0.0659109342994184
"118","Male","25+","Chronic.lower.respiratory.diseases..J40.J47.",77.0407293405071,74.3491238548377,-2.6916054856694,-0.034937435155539,85.8211254090325,82.6109197633891,-3.21020564564348,-0.0374057742816038,67.9211548212294,69.9444334056759,2.0232785844465,0.0297886363942403,36.4656761212685,35.7321856533434,-0.733490467925115,-0.0201145445784648
"119","Male","25+","Diabetes.mellitus..E10.E14.",49.7566214384538,56.6248984702999,6.86827703184608,0.138037447746362,45.24398892659,49.5815712732925,4.33758234670252,0.0958709090336929,85.0504687362806,104.509724906802,19.4592561705218,0.228796577604526,57.7556857769662,69.4310771719365,11.6753913949703,0.202151376750281
"120","Male","25+","Diseases.of.heart..I00.I09.I11.I13.I20.I51.",374.227463534134,391.995902471795,17.7684389376608,0.0474803179057437,384.832300971214,397.371552123932,12.5392511527181,0.0325836763729874,485.466430210076,540.701728250393,55.2352980403174,0.113777791013099,260.975438426286,289.709895381572,28.7344569552862,0.11010406622385
"121","Male","25+","ExternalCause",142.211073305289,160.41947911765,18.2084058123613,0.128037890363662,152.1024219465,166.920496225997,14.8180742794968,0.0974216852688175,178.022940886223,225.775775393836,47.7528345076123,0.268239780052458,98.8467014431029,114.78379953059,15.9370980874875,0.161230449320163
"122","Male","25+","Influenza.and.pneumonia..J09.J18.",25.894837164569,28.4522652181948,2.55742805362583,0.0987620828573918,26.0097050617769,27.2406566527349,1.23095159095799,0.0473266262740888,30.1812215481291,39.7270186789768,9.54579713084776,0.316282663232347,21.7321014460647,27.343312706134,5.6112112600693,0.258199202410101
"123","Male","25+","Malignant.neoplasms..C00.C97.",319.45738676603,315.096033247278,-4.36135351875146,-0.0136523796269132,330.55574282756,327.615697433647,-2.94004539391341,-0.00889424993426035,395.307120629429,387.3154491133,-7.99167151612875,-0.0202163611508034,231.716798046362,224.505403909403,-7.21139413695866,-0.0311215854774404
"124","Male","25+","Nephritis..nephrotic.syndrome.and.nephrosis..N00.N07.N17.N19.N25.N27.",28.0053253158789,28.0393957507022,0.0340704348232705,0.00121656986444477,25.491909419685,25.2181692412301,-0.273740178454894,-0.0107383159867777,55.8509943788415,57.6655047123056,1.81451033346416,0.032488415893837,25.9023371822746,26.0176515320322,0.115314349757618,0.00445188976369784
"125","Male","25+","Other.diseases.of.respiratory.system..J00.J06.J30.J39.J67.J70.J98.",23.4185642924763,23.7063035966985,0.28773930422221,0.0122868037779179,24.657930863691,24.3665507939451,-0.291380069745848,-0.0118168905313506,21.4933695847755,25.4773464970112,3.98397691223574,0.185358414673971,19.1884907562351,20.7801774780384,1.5916867218033,0.0829500736677845
"126","Male","25+","Septicemia..A40.A41.",19.2896435254463,19.628074285533,0.338430760086652,0.0175446871084064,18.8758367265095,19.0862578421125,0.210421115602927,0.0111476444012364,33.9159721813331,34.7596769024169,0.843704721083803,0.0248763242454883,14.5661750954598,14.7749689750598,0.208793879600046,0.0143341596700377
"127","Male","25+","Symptoms..signs.and.abnormal.clinical.and.laboratory.findings..not.elsewhere.classified..R00.R99.",14.1486601071668,14.7712615659759,0.622601458809131,0.044004269951595,14.6939673035225,14.7872859724767,0.0933186689541809,0.0063508150676101,18.5833467708118,21.6059772388625,3.02263046805071,0.162652642999605,8.52367062576152,9.6067715925016,1.08310096674007,0.127069781822231
"128","Male","25+","Unknown",293.898392513054,318.823518217212,24.9251257041582,0.0848086493125379,302.536823053672,326.272154595148,23.7353315414762,0.0784543557438803,358.253145583794,400.792630534164,42.5394849503692,0.118741413647739,228.039388693377,254.648750687427,26.6093619940495,0.116687569399813
"129","Male","65+","1.AllCause",4478.86184679362,5228.76087615716,749.899029363547,0.167430712313753,4627.65543817432,5238.22024606085,610.564807886522,0.131938260322899,5274.12875618782,6754.42440386958,1480.29564768176,0.280671124296126,3385.57285595069,4787.30664352767,1401.73378757698,0.414031493994645
"130","Male","65+","2.Covid",0,636.213720183793,636.213720183793,Inf,0,533.241497454906,533.241497454906,Inf,0,1079.66677743034,1079.66677743034,Inf,0,1189.0754211888,1189.0754211888,Inf
"131","Male","65+","3.NonCovid",4478.86184679362,4592.54715597337,113.685309179755,0.0253826335949927,4627.65543817432,4704.97874860594,77.3233104316168,0.0167089601774937,5274.12875618782,5674.75762643924,400.628870251423,0.0759611470958856,3385.57285595069,3598.23122233887,212.658366388182,0.06281311182372
"132","Male","65+","Alzheimer.disease..G30.",174.655898001451,185.325525882944,10.6696278814937,0.0610894221356617,183.605862457303,193.303147528545,9.69728507124259,0.0528157703760558,166.441219724897,185.760997996293,19.3197782713954,0.11607568307495,151.590644187327,169.803326540427,18.2126823531006,0.120143841664757
"133","Male","65+","Cerebrovascular.diseases..I60.I69.",234.928132323561,246.020927016113,11.0927946925521,0.0472178218199694,228.602024520505,237.145732870822,8.54370835031699,0.0373737212880661,337.290257211436,371.276593263031,33.9863360515949,0.100762875075547,221.546367486939,233.306435770176,11.7600682832369,0.0530817472506299
"134","Male","65+","Chronic.lower.respiratory.diseases..J40.J47.",271.129737147072,259.034438708069,-12.0952984390028,-0.0446107408441214,299.975327016569,285.519674475281,-14.4556525412881,-0.0481894717310856,226.626119928684,231.801589056534,5.17546912785045,0.0228370371847654,135.978707720516,132.243483715206,-3.7352240053101,-0.0274691829914085
"135","Male","65+","Diabetes.mellitus..E10.E14.",144.588095968298,161.485670136803,16.897574168505,0.116866980337094,132.399302599177,143.804424550862,11.4051219516847,0.0861418582106303,240.809011499045,284.790531957896,43.9815204588505,0.182640675218356,178.858008770391,212.763805152578,33.9057963821874,0.189568231332118
"136","Male","65+","Diseases.of.heart..I00.I09.I11.I13.I20.I51.",1202.40537002455,1238.09779685914,35.6924268345981,0.0296841878158524,1250.26954514297,1269.71801486873,19.4484697257531,0.0155554214699591,1406.87942216374,1542.70873920151,135.829317037774,0.0965465233892412,857.864782216414,945.22987303081,87.3650908143953,0.101840164820236
"137","Male","65+","ExternalCause",186.614795987748,189.268539913594,2.65374392584553,0.0142204368726462,199.849100395093,201.237913185822,1.38881279072825,0.00694930719218965,166.727923833075,185.831206013204,19.1032821801288,0.114577580893137,120.614440829379,126.145875665867,5.53143483648802,0.0458604690984953
"138","Male","65+","Influenza.and.pneumonia..J09.J18.",87.1417881440209,93.4077992740683,6.26601113004739,0.0719059278390229,88.4305916173575,90.6829985521312,2.25240693477369,0.025470902021327,93.3818282469768,122.378574378855,28.9967461318779,0.310518081260812,72.9159242131119,89.1684956896528,16.252571476541,0.222894678383826
"139","Male","65+","Malignant.neoplasms..C00.C97.",992.282587109492,978.549808289537,-13.732778819955,-0.0138395846086128,1023.73106726591,1013.01011163235,-10.7209556335577,-0.0104724336071877,1201.29416638232,1182.50644697754,-18.7877194047735,-0.0156395660035148,736.416027251967,710.830989854894,-25.5850373970728,-0.0347426406409795
"140","Male","65+","Nephritis..nephrotic.syndrome.and.nephrosis..N00.N07.N17.N19.N25.N27.",94.0324630413211,92.9099118669847,-1.12255117433639,-0.0119379109940267,88.4521553305801,86.9901873890455,-1.46196794153462,-0.0165283472864023,175.162418470698,177.258298257205,2.09587978650691,0.0119653508144358,86.1842650609548,84.7335543406757,-1.45071072027915,-0.0168326633551161
"141","Male","65+","Other.diseases.of.respiratory.system..J00.J06.J30.J39.J67.J70.J98.",81.3807551329552,80.4518990247068,-0.928856108248354,-0.0114137071686155,86.3477454956793,84.1581763926538,-2.18956910302546,-0.0253575711844732,66.0323937290275,75.7128045444025,9.680410815375,0.146600937338419,67.3480301793051,70.4119655607575,3.06393538145245,0.0454940608254634
"142","Male","65+","Septicemia..A40.A41.",60.7175906256829,60.1735314486912,-0.544059176991681,-0.00896048692619811,60.0782832123622,58.9053248022948,-1.1729584100674,-0.0195238336941367,104.23602474405,104.86821104324,0.632186299189627,0.00606495020068108,45.1128800426892,45.2347276525717,0.121847609882558,0.00270094947977731
"143","Male","65+","Symptoms..signs.and.abnormal.clinical.and.laboratory.findings..not.elsewhere.classified..R00.R99.",39.7101750826725,40.3053212396929,0.595146157020373,0.014987245857802,42.3952599269312,41.6278319029023,-0.767428024028838,-0.0181017412170962,45.3752375797856,53.6456013961963,8.2703638164107,0.182266016830622,21.3231813474453,23.4131445787797,2.08996323133443,0.0980136686585384
"144","Male","65+","Unknown",909.274458204797,967.515986313024,58.2415281082265,0.0640527484113148,943.519173193886,998.875210454505,55.3560372606196,0.0586697534436265,1043.87273267409,1156.21803235333,112.345299679243,0.107623560001848,689.819596644249,754.945544786474,65.1259481422256,0.0944101160057536
