"","AgeGroup","Race.Ethnicity","Sex","condition","Change_Absolute","allcause_change","noncovid_change","AllCause_pct","NonCovid_pct"
"1","25-64","All","Both","AllCause",79.8634134231182,79.8634134231182,40.2928659262022,100,NA
"2","25-64","All","Both","Malignant.neoplasms..C00.C97.",-1.06018305979849,79.8634134231182,40.2928659262022,-1.32749530023418,-2.63119298026666
"3","25-64","All","Both","Symptoms..signs.and.abnormal.clinical.and.laboratory.findings..not.elsewhere.classified..R00.R99.",0.458039474578242,79.8634134231182,40.2928659262022,0.573528546985011,1.1367756153587
"4","25-64","All","Both","Alzheimer.disease..G30.",0.0550493507395033,79.8634134231182,40.2928659262022,0.0689293737644929,0.136623070794538
"5","25-64","All","Both","Nephritis..nephrotic.syndrome.and.nephrosis..N00.N07.N17.N19.N25.N27.",0.344131152826878,79.8634134231182,40.2928659262022,0.430899629851361,0.854074647996414
"6","25-64","All","Both","Unknown",10.8380954484067,79.8634134231182,40.2928659262022,13.5707891559634,26.8982987416609
"7","25-64","All","Both","Cerebrovascular.diseases..I60.I69.",1.27304094162169,79.8634134231182,40.2928659262022,1.59402270333362,3.15946982761989
"8","25-64","All","Both","nonCovid",40.2928659262022,79.8634134231182,40.2928659262022,50.4522211099714,100
"9","25-64","All","Both","ExternalCause",15.1843768601966,79.8634134231182,40.2928659262022,19.0129324672731,37.6850256519536
"10","25-64","All","Both","Chronic.lower.respiratory.diseases..J40.J47.",0.167734231101416,79.8634134231182,40.2928659262022,0.210026373669701,0.416287665932296
"11","25-64","All","Both","Other.diseases.of.respiratory.system..J00.J06.J30.J39.J67.J70.J98.",0.473161705309074,79.8634134231182,40.2928659262022,0.592463663933637,1.17430640494942
"12","25-64","All","Both","Influenza.and.pneumonia..J09.J18.",1.05188033482778,79.8634134231182,40.2928659262022,1.31709914432895,2.61058703730416
"13","25-64","All","Both","COVID.19..U071..Underlying.Cause.of.Death.",39.570547496916,79.8634134231182,40.2928659262022,49.5477788900286,NA
"14","25-64","All","Both","Septicemia..A40.A41.",0.680481241561189,79.8634134231182,40.2928659262022,0.852056295109732,1.6888380260851
"15","25-64","All","Both","Diseases.of.heart..I00.I09.I11.I13.I20.I51.",8.044856634046,79.8634134231182,40.2928659262022,10.0732692095493,19.9659578665376
"16","25-64","All","Both","Diabetes.mellitus..E10.E14.",2.78220161078553,79.8634134231182,40.2928659262022,3.48369984644328,6.90494842407396
"17","25-64","All","Female","AllCause",50.2200496985752,50.2200496985752,23.3161923840387,100,NA
"18","25-64","All","Female","Malignant.neoplasms..C00.C97.",-0.836074345238487,50.2200496985752,23.3161923840387,-1.66482181968491,-3.58580994472678
"19","25-64","All","Female","Symptoms..signs.and.abnormal.clinical.and.laboratory.findings..not.elsewhere.classified..R00.R99.",0.285995051820445,50.2200496985752,23.3161923840387,0.569483808831354,1.22659415015046
"20","25-64","All","Female","Alzheimer.disease..G30.",0.071025575006373,50.2200496985752,23.3161923840387,0.141428723055183,0.304619098335259
"21","25-64","All","Female","Nephritis..nephrotic.syndrome.and.nephrosis..N00.N07.N17.N19.N25.N27.",0.275060638998067,50.2200496985752,23.3161923840387,0.547710806040622,1.17969793038061
"22","25-64","All","Female","Unknown",7.69161605749518,50.2200496985752,23.3161923840387,15.3158272515875,32.9883024243725
"23","25-64","All","Female","Cerebrovascular.diseases..I60.I69.",0.712807766469883,50.2200496985752,23.3161923840387,1.41936889897205,3.05713623703775
"24","25-64","All","Female","nonCovid",23.3161923840387,50.2200496985752,23.3161923840387,46.4280551771342,100
"25","25-64","All","Female","ExternalCause",7.06666669809033,50.2200496985752,23.3161923840387,14.0714052266078,30.307979028891
"26","25-64","All","Female","Chronic.lower.respiratory.diseases..J40.J47.",-0.0287405388246089,50.2200496985752,23.3161923840387,-0.0572292122311945,-0.123264289259697
"27","25-64","All","Female","Other.diseases.of.respiratory.system..J00.J06.J30.J39.J67.J70.J98.",0.271937349052074,50.2200496985752,23.3161923840387,0.541491596850788,1.16630256164051
"28","25-64","All","Female","Influenza.and.pneumonia..J09.J18.",0.767024714254531,50.2200496985752,23.3161923840387,1.52732766864684,3.28966540342841
"29","25-64","All","Female","COVID.19..U071..Underlying.Cause.of.Death.",26.9038573145365,50.2200496985752,23.3161923840387,53.5719448228659,NA
"30","25-64","All","Female","Septicemia..A40.A41.",0.732134986072032,50.2200496985752,23.3161923840387,1.45785396562999,3.14002807153548
"31","25-64","All","Female","Diseases.of.heart..I00.I09.I11.I13.I20.I51.",4.31453563607793,50.2200496985752,23.3161923840387,8.59126118347975,18.5044606126663
"32","25-64","All","Female","Diabetes.mellitus..E10.E14.",1.99220279476493,50.2200496985752,23.3161923840387,3.96694707934838,8.54428871554822
"33","25-64","All","Male","AllCause",110.387934353496,110.387934353496,57.5419204570779,100,NA
"34","25-64","All","Male","Malignant.neoplasms..C00.C97.",-1.31058232699725,110.387934353496,57.5419204570779,-1.18725142804137,-2.27761311507642
"35","25-64","All","Male","Symptoms..signs.and.abnormal.clinical.and.laboratory.findings..not.elsewhere.classified..R00.R99.",0.631539250133927,110.387934353496,57.5419204570779,0.572108948167782,1.09752897560138
"36","25-64","All","Male","Alzheimer.disease..G30.",0.0389439934817618,110.387934353496,57.5419204570779,0.0352792120894764,0.0676793425947805
"37","25-64","All","Male","Nephritis..nephrotic.syndrome.and.nephrosis..N00.N07.N17.N19.N25.N27.",0.410596712478341,110.387934353496,57.5419204570779,0.371957963416078,0.713561016415183
"38","25-64","All","Male","Unknown",14.0793133116535,110.387934353496,57.5419204570779,12.7543951194587,24.4679239062862
"39","25-64","All","Male","Cerebrovascular.diseases..I60.I69.",1.85391928963147,110.387934353496,57.5419204570779,1.67945826732716,3.22185855964671
"40","25-64","All","Male","nonCovid",57.5419204570779,110.387934353496,57.5419204570779,52.1270017362686,100
"41","25-64","All","Male","ExternalCause",23.2720661260988,110.387934353496,57.5419204570779,21.0820741074605,40.4436729626675
"42","25-64","All","Male","Chronic.lower.respiratory.diseases..J40.J47.",0.369670108604176,110.387934353496,57.5419204570779,0.334882712290257,0.642436167697814
"43","25-64","All","Male","Other.diseases.of.respiratory.system..J00.J06.J30.J39.J67.J70.J98.",0.683789437162924,110.387934353496,57.5419204570779,0.619442189191819,1.18833266552683
"44","25-64","All","Male","Influenza.and.pneumonia..J09.J18.",1.35013694814997,110.387934353496,57.5419204570779,1.22308380536085,2.34635364517783
"45","25-64","All","Male","COVID.19..U071..Underlying.Cause.of.Death.",52.8460138964181,110.387934353496,57.5419204570779,47.8729982637314,NA
"46","25-64","All","Male","Septicemia..A40.A41.",0.62571628929061,110.387934353496,57.5419204570779,0.566833950608112,1.087409464822
"47","25-64","All","Male","Diseases.of.heart..I00.I09.I11.I13.I20.I51.",11.9334688920364,110.387934353496,57.5419204570779,10.8104830133172,20.7387393351563
"48","25-64","All","Male","Diabetes.mellitus..E10.E14.",3.60334242535315,110.387934353496,57.5419204570779,3.26425387562208,6.26211707348382
"49","25-64","Hispanic","Both","AllCause",129.969393220844,129.969393220844,35.2489835788959,100,NA
"50","25-64","Hispanic","Both","Malignant.neoplasms..C00.C97.",-1.19126217796237,129.969393220844,35.2489835788959,-0.916571316092996,-3.37956462005786
"51","25-64","Hispanic","Both","Symptoms..signs.and.abnormal.clinical.and.laboratory.findings..not.elsewhere.classified..R00.R99.",0.509149954618603,129.969393220844,35.2489835788959,0.39174604266518,1.44443868425028
"52","25-64","Hispanic","Both","Alzheimer.disease..G30.",0.0702855931647064,129.969393220844,35.2489835788959,0.0540785729800839,0.199397503214213
"53","25-64","Hispanic","Both","Nephritis..nephrotic.syndrome.and.nephrosis..N00.N07.N17.N19.N25.N27.",0.464749303213008,129.969393220844,35.2489835788959,0.357583652347523,1.31847575738683
"54","25-64","Hispanic","Both","Unknown",9.76203040294541,129.969393220844,35.2489835788959,7.51102252694045,27.6945018317921
"55","25-64","Hispanic","Both","Cerebrovascular.diseases..I60.I69.",1.26231032914179,129.969393220844,35.2489835788959,0.971236610297069,3.58112547079956
"56","25-64","Hispanic","Both","nonCovid",35.2489835788959,129.969393220844,35.2489835788959,27.120988030621,100
"57","25-64","Hispanic","Both","ExternalCause",11.5939723488122,129.969393220844,35.2489835788959,8.92054049149228,32.8916501176894
"58","25-64","Hispanic","Both","Chronic.lower.respiratory.diseases..J40.J47.",0.374832629753828,129.969393220844,35.2489835788959,0.288400692243683,1.0633856403685
"59","25-64","Hispanic","Both","Other.diseases.of.respiratory.system..J00.J06.J30.J39.J67.J70.J98.",0.738695554058943,129.969393220844,35.2489835788959,0.568361162388249,2.09565065161542
"60","25-64","Hispanic","Both","Influenza.and.pneumonia..J09.J18.",1.49756273534994,129.969393220844,35.2489835788959,1.15224261515577,4.24852742774279
"61","25-64","Hispanic","Both","COVID.19..U071..Underlying.Cause.of.Death.",94.7204096419482,129.969393220844,35.2489835788959,72.879011969379,NA
"62","25-64","Hispanic","Both","Septicemia..A40.A41.",0.439206127109048,129.969393220844,35.2489835788959,0.337930428253018,1.24601075695132
"63","25-64","Hispanic","Both","Diseases.of.heart..I00.I09.I11.I13.I20.I51.",6.44328440070373,129.969393220844,35.2489835788959,4.95753980304832,18.2793480733482
"64","25-64","Hispanic","Both","Diabetes.mellitus..E10.E14.",3.28416637798706,129.969393220844,35.2489835788959,2.52687674890241,9.31705270489937
"65","25-64","Hispanic","Female","AllCause",71.1912355953083,71.1912355953083,16.6017856914991,100,NA
"66","25-64","Hispanic","Female","Malignant.neoplasms..C00.C97.",-1.18525646260974,71.1912355953083,16.6017856914991,-1.66489098369836,-7.13933118180564
"67","25-64","Hispanic","Female","Symptoms..signs.and.abnormal.clinical.and.laboratory.findings..not.elsewhere.classified..R00.R99.",0.250706103459562,71.1912355953083,16.6017856914991,0.352158663019587,1.51011528589925
"68","25-64","Hispanic","Female","Alzheimer.disease..G30.",0.0830878500042678,71.1912355953083,16.6017856914991,0.116710785126117,0.500475379867195
"69","25-64","Hispanic","Female","Nephritis..nephrotic.syndrome.and.nephrosis..N00.N07.N17.N19.N25.N27.",0.290600077092258,71.1912355953083,16.6017856914991,0.408196422863336,1.75041457884292
"70","25-64","Hispanic","Female","Unknown",5.35910972595975,71.1912355953083,16.6017856914991,7.52776613742736,32.2803210783757
"71","25-64","Hispanic","Female","Cerebrovascular.diseases..I60.I69.",0.688539526516299,71.1912355953083,16.6017856914991,0.967168951007329,4.14738233170221
"72","25-64","Hispanic","Female","nonCovid",16.6017856914991,71.1912355953083,16.6017856914991,23.3199853221725,100
"73","25-64","Hispanic","Female","ExternalCause",3.44225128509552,71.1912355953083,16.6017856914991,4.83521778532296,20.7342231074463
"74","25-64","Hispanic","Female","Chronic.lower.respiratory.diseases..J40.J47.",0.504051809561087,71.1912355953083,16.6017856914991,0.708025089529848,3.03613008219462
"75","25-64","Hispanic","Female","Other.diseases.of.respiratory.system..J00.J06.J30.J39.J67.J70.J98.",0.364591932510856,71.1912355953083,16.6017856914991,0.512130361921803,2.19610070438112
"76","25-64","Hispanic","Female","Influenza.and.pneumonia..J09.J18.",0.863236305690603,71.1912355953083,16.6017856914991,1.21255980244216,5.19965937238077
"77","25-64","Hispanic","Female","COVID.19..U071..Underlying.Cause.of.Death.",54.5894499038092,71.1912355953083,16.6017856914991,76.6800146778276,NA
"78","25-64","Hispanic","Female","Septicemia..A40.A41.",0.622149321253054,71.1912355953083,16.6017856914991,0.873912801274734,3.7474843538766
"79","25-64","Hispanic","Female","Diseases.of.heart..I00.I09.I11.I13.I20.I51.",3.18715808993831,71.1912355953083,16.6017856914991,4.47689671809595,19.1976824009377
"80","25-64","Hispanic","Female","Diabetes.mellitus..E10.E14.",2.13156012702729,71.1912355953083,16.6017856914991,2.99413278783963,12.8393425059013
"81","25-64","Hispanic","Male","AllCause",188.636752169249,188.636752169249,53.2443332032777,100,NA
"82","25-64","Hispanic","Male","Malignant.neoplasms..C00.C97.",-1.23004340919607,188.636752169249,53.2443332032777,-0.652069861811685,-2.3101865216341
"83","25-64","Hispanic","Male","Symptoms..signs.and.abnormal.clinical.and.laboratory.findings..not.elsewhere.classified..R00.R99.",0.755327304552908,188.636752169249,53.2443332032777,0.400413649973793,1.41860599825562
"84","25-64","Hispanic","Male","Alzheimer.disease..G30.",0.0600100356160902,188.636752169249,53.2443332032777,0.0318124834773703,0.112706896688859
"85","25-64","Hispanic","Male","Nephritis..nephrotic.syndrome.and.nephrosis..N00.N07.N17.N19.N25.N27.",0.625117716447161,188.636752169249,53.2443332032777,0.331387022549186,1.1740549253581
"86","25-64","Hispanic","Male","Unknown",14.070683228666,188.636752169249,53.2443332032777,7.45914201069446,26.4266305579348
"87","25-64","Hispanic","Male","Cerebrovascular.diseases..I60.I69.",1.81208681860439,188.636752169249,53.2443332032777,0.960622358986834,3.40334212034574
"88","25-64","Hispanic","Male","nonCovid",53.2443332032777,188.636752169249,53.2443332032777,28.2258534410653,100
"89","25-64","Hispanic","Male","ExternalCause",19.324554814392,188.636752169249,53.2443332032777,10.2443212110934,36.2941061551362
"90","25-64","Hispanic","Male","Chronic.lower.respiratory.diseases..J40.J47.",0.243693034780791,188.636752169249,53.2443332032777,0.129186402956167,0.457688208528057
"91","25-64","Hispanic","Male","Other.diseases.of.respiratory.system..J00.J06.J30.J39.J67.J70.J98.",1.11241130172609,188.636752169249,53.2443332032777,0.589710800750011,2.08925764452547
"92","25-64","Hispanic","Male","Influenza.and.pneumonia..J09.J18.",2.14702580843657,188.636752169249,53.2443332032777,1.13818001197891,4.03240247227738
"93","25-64","Hispanic","Male","COVID.19..U071..Underlying.Cause.of.Death.",135.392418965971,188.636752169249,53.2443332032777,71.7741465589347,NA
"94","25-64","Hispanic","Male","Septicemia..A40.A41.",0.237098344114163,188.636752169249,53.2443332032777,0.125690429562439,0.445302494838205
"95","25-64","Hispanic","Male","Diseases.of.heart..I00.I09.I11.I13.I20.I51.",9.64785668022532,188.636752169249,53.2443332032777,5.11451589856099,18.1199690179074
"96","25-64","Hispanic","Male","Diabetes.mellitus..E10.E14.",4.43851152491224,188.636752169249,53.2443332032777,2.35294102229343,8.33612002983823
"97","25-64","Non-Hispanic Black","Both","AllCause",164.786352562127,164.786352562127,87.5369088108554,100,NA
"98","25-64","Non-Hispanic Black","Both","Malignant.neoplasms..C00.C97.",-3.40496563886295,164.786352562127,87.5369088108554,-2.06629104044233,-3.88974854734727
"99","25-64","Non-Hispanic Black","Both","Symptoms..signs.and.abnormal.clinical.and.laboratory.findings..not.elsewhere.classified..R00.R99.",1.0945328814261,164.786352562127,87.5369088108554,0.664213306750289,1.25036729797153
"100","25-64","Non-Hispanic Black","Both","Alzheimer.disease..G30.",0.135469383112144,164.786352562127,87.5369088108554,0.0822091034881481,0.154756873360537
"101","25-64","Non-Hispanic Black","Both","Nephritis..nephrotic.syndrome.and.nephrosis..N00.N07.N17.N19.N25.N27.",1.51473525618586,164.786352562127,87.5369088108554,0.919211592850067,1.73039610007113
"102","25-64","Non-Hispanic Black","Both","Unknown",15.8112482264307,164.786352562127,87.5369088108554,9.59499860309706,18.0623789910091
"103","25-64","Non-Hispanic Black","Both","Cerebrovascular.diseases..I60.I69.",3.04610422353737,164.786352562127,87.5369088108554,1.84851729295296,3.47979414045704
"104","25-64","Non-Hispanic Black","Both","nonCovid",87.5369088108554,164.786352562127,87.5369088108554,53.1214554177673,100
"105","25-64","Non-Hispanic Black","Both","ExternalCause",35.2619883234895,164.786352562127,87.5369088108554,21.3986096392267,40.2824234971348
"106","25-64","Non-Hispanic Black","Both","Chronic.lower.respiratory.diseases..J40.J47.",1.082619582227,164.786352562127,87.5369088108554,0.656983764367766,1.2367578395603
"107","25-64","Non-Hispanic Black","Both","Other.diseases.of.respiratory.system..J00.J06.J30.J39.J67.J70.J98.",1.56749918990168,164.786352562127,87.5369088108554,0.951231194531537,1.79067231319378
"108","25-64","Non-Hispanic Black","Both","Influenza.and.pneumonia..J09.J18.",2.4491646083445,164.786352562127,87.5369088108554,1.48626665392155,2.79786508527107
"109","25-64","Non-Hispanic Black","Both","COVID.19..U071..Underlying.Cause.of.Death.",77.249443751272,164.786352562127,87.5369088108554,46.8785445822327,NA
"110","25-64","Non-Hispanic Black","Both","Septicemia..A40.A41.",0.792112872286072,164.786352562127,87.5369088108554,0.480690821764157,0.904890157816314
"111","25-64","Non-Hispanic Black","Both","Diseases.of.heart..I00.I09.I11.I13.I20.I51.",19.9141234123922,164.786352562127,87.5369088108554,12.0848135193017,22.7494021469521
"112","25-64","Non-Hispanic Black","Both","Diabetes.mellitus..E10.E14.",8.27227649038531,164.786352562127,87.5369088108554,5.02000096595773,9.45004410454973
"113","25-64","Non-Hispanic Black","Female","AllCause",110.769495426822,110.769495426822,51.3869112865363,100,NA
"114","25-64","Non-Hispanic Black","Female","Malignant.neoplasms..C00.C97.",-2.48418086885769,110.769495426822,51.3869112865363,-2.24265792607029,-4.83426772822706
"115","25-64","Non-Hispanic Black","Female","Symptoms..signs.and.abnormal.clinical.and.laboratory.findings..not.elsewhere.classified..R00.R99.",0.903616427085179,110.769495426822,51.3869112865363,0.815762880929738,1.75845639378199
"116","25-64","Non-Hispanic Black","Female","Alzheimer.disease..G30.",0.0978925660577558,110.769495426822,51.3869112865363,0.0883750220948029,0.190500973121154
"117","25-64","Non-Hispanic Black","Female","Nephritis..nephrotic.syndrome.and.nephrosis..N00.N07.N17.N19.N25.N27.",1.3344625832247,110.769495426822,51.3869112865363,1.20472028700924,2.59689199022619
"118","25-64","Non-Hispanic Black","Female","Unknown",12.3033885008764,110.769495426822,51.3869112865363,11.1071991918609,23.9426503614355
"119","25-64","Non-Hispanic Black","Female","Cerebrovascular.diseases..I60.I69.",1.91118516352246,110.769495426822,51.3869112865363,1.72537137246874,3.71920614738953
"120","25-64","Non-Hispanic Black","Female","nonCovid",51.3869112865363,110.769495426822,51.3869112865363,46.3908507378587,100
"121","25-64","Non-Hispanic Black","Female","ExternalCause",15.0112167772661,110.769495426822,51.3869112865363,13.5517605451069,29.2121406043704
"122","25-64","Non-Hispanic Black","Female","Chronic.lower.respiratory.diseases..J40.J47.",1.13571868020033,110.769495426822,51.3869112865363,1.02529913657558,2.21013221414983
"123","25-64","Non-Hispanic Black","Female","Other.diseases.of.respiratory.system..J00.J06.J30.J39.J67.J70.J98.",1.08506450806574,110.769495426822,51.3869112865363,0.979569784880503,2.11155813980599
"124","25-64","Non-Hispanic Black","Female","Influenza.and.pneumonia..J09.J18.",1.80085232166529,110.769495426822,51.3869112865363,1.62576557266616,3.50449613837196
"125","25-64","Non-Hispanic Black","Female","COVID.19..U071..Underlying.Cause.of.Death.",59.382584140286,110.769495426822,51.3869112865363,53.6091492621414,NA
"126","25-64","Non-Hispanic Black","Female","Septicemia..A40.A41.",0.697338009093137,110.769495426822,51.3869112865363,0.629539754068683,1.35703429459837
"127","25-64","Non-Hispanic Black","Female","Diseases.of.heart..I00.I09.I11.I13.I20.I51.",12.0740370238675,110.769495426822,51.3869112865363,10.9001462698221,23.4963276086823
"128","25-64","Non-Hispanic Black","Female","Diabetes.mellitus..E10.E14.",5.51631959446941,110.769495426822,51.3869112865363,4.97999884644565,10.7348728622939
"129","25-64","Non-Hispanic Black","Male","AllCause",225.70497584646,225.70497584646,127.729024535401,100,NA
"130","25-64","Non-Hispanic Black","Male","Malignant.neoplasms..C00.C97.",-4.47712908262639,225.70497584646,127.729024535401,-1.98362001805048,-3.50517754199675
"131","25-64","Non-Hispanic Black","Male","Symptoms..signs.and.abnormal.clinical.and.laboratory.findings..not.elsewhere.classified..R00.R99.",1.31428481019983,225.70497584646,127.729024535401,0.582302098246118,1.028963319011
"132","25-64","Non-Hispanic Black","Male","Alzheimer.disease..G30.",0.1797949723741,225.70497584646,127.729024535401,0.0796592860657217,0.140762816460928
"133","25-64","Non-Hispanic Black","Male","Nephritis..nephrotic.syndrome.and.nephrosis..N00.N07.N17.N19.N25.N27.",1.72291339980751,225.70497584646,127.729024535401,0.763347548429572,1.34888167045384
"134","25-64","Non-Hispanic Black","Male","Unknown",19.814919396351,225.70497584646,127.729024535401,8.77912386381346,15.5132472579552
"135","25-64","Non-Hispanic Black","Male","Cerebrovascular.diseases..I60.I69.",4.36683098494652,225.70497584646,127.729024535401,1.93475175661042,3.41882434382502
"136","25-64","Non-Hispanic Black","Male","nonCovid",127.729024535401,225.70497584646,127.729024535401,56.5911425108726,100
"137","25-64","Non-Hispanic Black","Male","ExternalCause",57.0794018213505,225.70497584646,127.729024535401,25.2893856713996,44.687886742242
"138","25-64","Non-Hispanic Black","Male","Chronic.lower.respiratory.diseases..J40.J47.",0.997115349756683,225.70497584646,127.729024535401,0.44177818677555,0.780648997660142
"139","25-64","Non-Hispanic Black","Male","Other.diseases.of.respiratory.system..J00.J06.J30.J39.J67.J70.J98.",2.12956140030738,225.70497584646,127.729024535401,0.943515486231928,1.66724940400462
"140","25-64","Non-Hispanic Black","Male","Influenza.and.pneumonia..J09.J18.",3.21374059116602,225.70497584646,127.729024535401,1.42386785187768,2.51606132815593
"141","25-64","Non-Hispanic Black","Male","COVID.19..U071..Underlying.Cause.of.Death.",97.975951311059,225.70497584646,127.729024535401,43.4088574891273,NA
"142","25-64","Non-Hispanic Black","Male","Septicemia..A40.A41.",0.912562369445698,225.70497584646,127.729024535401,0.40431646046939,0.714451842692008
"143","25-64","Non-Hispanic Black","Male","Diseases.of.heart..I00.I09.I11.I13.I20.I51.",28.9987434626952,225.70497584646,127.729024535401,12.8480745069715,22.7033311873904
"144","25-64","Non-Hispanic Black","Male","Diabetes.mellitus..E10.E14.",11.4762850596268,225.70497584646,127.729024535401,5.08463981203221,8.98486863214559
"145","25-64","Non-Hispanic White","Both","AllCause",55.0346923000795,55.0346923000795,34.9670468938199,100,NA
"146","25-64","Non-Hispanic White","Both","Malignant.neoplasms..C00.C97.",-0.383278622520479,55.0346923000795,34.9670468938199,-0.696430935655336,-1.09611378874611
"147","25-64","Non-Hispanic White","Both","Symptoms..signs.and.abnormal.clinical.and.laboratory.findings..not.elsewhere.classified..R00.R99.",0.22227456320457,55.0346923000795,34.9670468938199,0.403880813928433,0.635668673650147
"148","25-64","Non-Hispanic White","Both","Alzheimer.disease..G30.",0.0451094976820198,55.0346923000795,34.9670468938199,0.0819655671663574,0.129005740230218
"149","25-64","Non-Hispanic White","Both","Nephritis..nephrotic.syndrome.and.nephrosis..N00.N07.N17.N19.N25.N27.",0.0660270828905469,55.0346923000795,34.9670468938199,0.119973566001843,0.188826591765222
"150","25-64","Non-Hispanic White","Both","Unknown",10.5060580470909,55.0346923000795,34.9670468938199,19.0898824141798,30.045597156069
"151","25-64","Non-Hispanic White","Both","Cerebrovascular.diseases..I60.I69.",0.93898311506508,55.0346923000795,34.9670468938199,1.70616583071861,2.6853371916604
"152","25-64","Non-Hispanic White","Both","nonCovid",34.9670468938199,55.0346923000795,34.9670468938199,63.5363721180819,100
"153","25-64","Non-Hispanic White","Both","ExternalCause",13.2415347719246,55.0346923000795,34.9670468938199,24.0603412475252,37.8686104438087
"154","25-64","Non-Hispanic White","Both","Chronic.lower.respiratory.diseases..J40.J47.",0.0318474947943663,55.0346923000795,34.9670468938199,0.0578680346220821,0.0910785943436221
"155","25-64","Non-Hispanic White","Both","Other.diseases.of.respiratory.system..J00.J06.J30.J39.J67.J70.J98.",0.248926167429717,55.0346923000795,34.9670468938199,0.452307729954107,0.711887875992504
"156","25-64","Non-Hispanic White","Both","Influenza.and.pneumonia..J09.J18.",0.746893494060052,55.0346923000795,34.9670468938199,1.3571321340139,2.13599248551944
"157","25-64","Non-Hispanic White","Both","COVID.19..U071..Underlying.Cause.of.Death.",20.0676454062596,55.0346923000795,34.9670468938199,36.4636278819181,NA
"158","25-64","Non-Hispanic White","Both","Septicemia..A40.A41.",0.732049108106402,55.0346923000795,34.9670468938199,1.33015935496626,2.0935399844583
"159","25-64","Non-Hispanic White","Both","Diseases.of.heart..I00.I09.I11.I13.I20.I51.",6.86677454653342,55.0346923000795,34.9670468938199,12.4771744140804,19.637845218628
"160","25-64","Non-Hispanic White","Both","Diabetes.mellitus..E10.E14.",1.70384762755865,55.0346923000795,34.9670468938199,3.09595194658004,4.87272383262022
"161","25-64","Non-Hispanic White","Female","AllCause",35.8888771384079,35.8888771384079,21.164342984811,100,NA
"162","25-64","Non-Hispanic White","Female","Malignant.neoplasms..C00.C97.",-0.371824887759971,35.8888771384079,21.164342984811,-1.0360449181121,-1.75684588001063
"163","25-64","Non-Hispanic White","Female","Symptoms..signs.and.abnormal.clinical.and.laboratory.findings..not.elsewhere.classified..R00.R99.",0.0686803968938277,35.8888771384079,21.164342984811,0.191369589605596,0.324509940814687
"164","25-64","Non-Hispanic White","Female","Alzheimer.disease..G30.",0.0854794272337884,35.8888771384079,21.164342984811,0.238178048603001,0.403884152204178
"165","25-64","Non-Hispanic White","Female","Nephritis..nephrotic.syndrome.and.nephrosis..N00.N07.N17.N19.N25.N27.",0.0150803990464876,35.8888771384079,21.164342984811,0.0420197015034185,0.0712538020070377
"166","25-64","Non-Hispanic White","Female","Unknown",7.607523818515,35.8888771384079,21.164342984811,21.1974417287453,35.945003461599
"167","25-64","Non-Hispanic White","Female","Cerebrovascular.diseases..I60.I69.",0.479505730221048,35.8888771384079,21.164342984811,1.33608451546645,2.26563012404956
"168","25-64","Non-Hispanic White","Female","nonCovid",21.164342984811,35.8888771384079,21.164342984811,58.9718728261943,100
"169","25-64","Non-Hispanic White","Female","ExternalCause",7.18915652962993,35.8888771384079,21.164342984811,20.0317120591554,33.9682480802232
"170","25-64","Non-Hispanic White","Female","Chronic.lower.respiratory.diseases..J40.J47.",-0.37764854903892,35.8888771384079,21.164342984811,-1.05227184339731,-1.78436226113868
"171","25-64","Non-Hispanic White","Female","Other.diseases.of.respiratory.system..J00.J06.J30.J39.J67.J70.J98.",0.174961921106683,35.8888771384079,21.164342984811,0.487510156508744,0.826682506668162
"172","25-64","Non-Hispanic White","Female","Influenza.and.pneumonia..J09.J18.",0.597116220247177,35.8888771384079,21.164342984811,1.66379187051285,2.8213312394139
"173","25-64","Non-Hispanic White","Female","COVID.19..U071..Underlying.Cause.of.Death.",14.7245341535969,35.8888771384079,21.164342984811,41.0281271738057,NA
"174","25-64","Non-Hispanic White","Female","Septicemia..A40.A41.",0.800845123503759,35.8888771384079,21.164342984811,2.23145773108266,3.78393566990717
"175","25-64","Non-Hispanic White","Female","Diseases.of.heart..I00.I09.I11.I13.I20.I51.",3.52414302882168,35.8888771384079,21.164342984811,9.81959679382162,16.6513226106327
"176","25-64","Non-Hispanic White","Female","Diabetes.mellitus..E10.E14.",1.37132382639052,35.8888771384079,21.164342984811,3.82102739269863,6.47940655362974
"177","25-64","Non-Hispanic White","Male","AllCause",74.3690163697964,74.3690163697964,48.7836026677795,100,NA
"178","25-64","Non-Hispanic White","Male","Malignant.neoplasms..C00.C97.",-0.407050033892361,74.3690163697964,48.7836026677795,-0.547338197762794,-0.834399289171828
"179","25-64","Non-Hispanic White","Male","Symptoms..signs.and.abnormal.clinical.and.laboratory.findings..not.elsewhere.classified..R00.R99.",0.373525908509633,74.3690163697964,48.7836026677795,0.502260116837223,0.765679220235898
"180","25-64","Non-Hispanic White","Male","Alzheimer.disease..G30.",0.0040046306490894,74.3690163697964,48.7836026677795,0.00538481056301265,0.00820896864948922
"181","25-64","Non-Hispanic White","Male","Nephritis..nephrotic.syndrome.and.nephrosis..N00.N07.N17.N19.N25.N27.",0.113075157775842,74.3690163697964,48.7836026677795,0.152046058016393,0.231789272608448
"182","25-64","Non-Hispanic White","Male","Unknown",13.4415357771847,74.3690163697964,48.7836026677795,18.0741072469579,27.5533889301344
"183","25-64","Non-Hispanic White","Male","Cerebrovascular.diseases..I60.I69.",1.40545208739789,74.3690163697964,48.7836026677795,1.88983552022437,2.88099281426412
"184","25-64","Non-Hispanic White","Male","nonCovid",48.7836026677795,74.3690163697964,48.7836026677795,65.5966759398905,100
"185","25-64","Non-Hispanic White","Male","ExternalCause",19.1898323376023,74.3690163697964,48.7836026677795,25.803531193934,39.3366444628673
"186","25-64","Non-Hispanic White","Male","Chronic.lower.respiratory.diseases..J40.J47.",0.450634015878368,74.3690163697964,48.7836026677795,0.605943224578381,0.923740747372072
"187","25-64","Non-Hispanic White","Male","Other.diseases.of.respiratory.system..J00.J06.J30.J39.J67.J70.J98.",0.326555861354162,74.3690163697964,48.7836026677795,0.439102031053334,0.66939677165304
"188","25-64","Non-Hispanic White","Male","Influenza.and.pneumonia..J09.J18.",0.898427301811042,74.3690163697964,48.7836026677795,1.20806667301293,1.84165837018928
"189","25-64","Non-Hispanic White","Male","COVID.19..U071..Underlying.Cause.of.Death.",25.5854137020169,74.3690163697964,48.7836026677795,34.4033240601095,NA
"190","25-64","Non-Hispanic White","Male","Septicemia..A40.A41.",0.660766102468027,74.3690163697964,48.7836026677795,0.888496493193347,1.35448401990296
"191","25-64","Non-Hispanic White","Male","Diseases.of.heart..I00.I09.I11.I13.I20.I51.",10.2900260559293,74.3690163697964,48.7836026677795,13.8364423226503,21.0932065145029
"192","25-64","Non-Hispanic White","Male","Diabetes.mellitus..E10.E14.",2.03681746511155,74.3690163697964,48.7836026677795,2.7387984466321,4.17520919679191
"193","25+","All","Both","Diabetes.mellitus..E10.E14.",5.73906657440965,213.442710243477,58.6541824885005,2.68880889296384,9.78458198703021
"194","25+","All","Both","Alzheimer.disease..G30.",4.76176550271928,213.442710243477,58.6541824885005,2.23093377013788,8.11837332086736
"195","25+","All","Both","AllCause",213.442710243477,213.442710243477,58.6541824885005,100,NA
"196","25+","All","Both","Diseases.of.heart..I00.I09.I11.I13.I20.I51.",12.5146796044802,213.442710243477,58.6541824885005,5.86324995133566,21.3363805845112
"197","25+","All","Both","Cerebrovascular.diseases..I60.I69.",3.49877129866539,213.442710243477,58.6541824885005,1.63920861699811,5.96508407452673
"198","25+","All","Both","nonCovid",58.6541824885005,213.442710243477,58.6541824885005,27.4800588980494,100
"199","25+","All","Both","ExternalCause",11.8203315373726,213.442710243477,58.6541824885005,5.53794108212408,20.152580832049
"200","25+","All","Both","Chronic.lower.respiratory.diseases..J40.J47.",-3.28600777016833,213.442710243477,58.6541824885005,-1.53952682029755,-5.60234177812054
"201","25+","All","Both","Other.diseases.of.respiratory.system..J00.J06.J30.J39.J67.J70.J98.",0.130030623134303,213.442710243477,58.6541824885005,0.0609206203322545,0.221690282973079
"202","25+","All","Both","Influenza.and.pneumonia..J09.J18.",1.39819438412565,213.442710243477,58.6541824885005,0.655067761522852,2.38379314961857
"203","25+","All","Both","COVID.19..U071..Underlying.Cause.of.Death.",154.788527754977,213.442710243477,58.6541824885005,72.5199411019506,NA
"204","25+","All","Both","Septicemia..A40.A41.",0.538238646130786,213.442710243477,58.6541824885005,0.252170076699649,0.917647511729127
"205","25+","All","Both","Malignant.neoplasms..C00.C97.",-3.42724077429642,213.442710243477,58.6541824885005,-1.60569586583066,-5.84313109294184
"206","25+","All","Both","Unknown",24.3530278779087,213.442710243477,58.6541824885005,11.4096320507404,41.5196782986163
"207","25+","All","Both","Symptoms..signs.and.abnormal.clinical.and.laboratory.findings..not.elsewhere.classified..R00.R99.",0.569230335486724,213.442710243477,58.6541824885005,0.266689986665459,0.970485498793415
"208","25+","All","Both","Nephritis..nephrotic.syndrome.and.nephrosis..N00.N07.N17.N19.N25.N27.",0.0440946485319209,213.442710243477,58.6541824885005,0.0206587746574345,0.0751773303473557
"209","25+","All","Female","Diabetes.mellitus..E10.E14.",4.72171763932644,166.160390552003,44.6697623132143,2.84166257893375,10.5702770617377
"210","25+","All","Female","Alzheimer.disease..G30.",6.19346083540603,166.160390552003,44.6697623132143,3.72739905992678,13.8649961734268
"211","25+","All","Female","AllCause",166.160390552003,166.160390552003,44.6697623132143,100,NA
"212","25+","All","Female","Diseases.of.heart..I00.I09.I11.I13.I20.I51.",7.62227994086328,166.160390552003,44.6697623132143,4.58730261498618,17.063623234477
"213","25+","All","Female","Cerebrovascular.diseases..I60.I69.",2.94927537608076,166.160390552003,44.6697623132143,1.77495693545432,6.60239773697722
"214","25+","All","Female","nonCovid",44.6697623132143,166.160390552003,44.6697623132143,26.8835202931435,100
"215","25+","All","Female","ExternalCause",5.43055260360035,166.160390552003,44.6697623132143,3.26825941222181,12.1571110352514
"216","25+","All","Female","Chronic.lower.respiratory.diseases..J40.J47.",-3.85707520539628,166.160390552003,44.6697623132143,-2.3212964248475,-8.63464456862641
"217","25+","All","Female","Other.diseases.of.respiratory.system..J00.J06.J30.J39.J67.J70.J98.",-0.0763047413287516,166.160390552003,44.6697623132143,-0.0459223411038328,-0.170819671691378
"218","25+","All","Female","Influenza.and.pneumonia..J09.J18.",0.548161727906628,166.160390552003,44.6697623132143,0.329899157124977,1.227142701282
"219","25+","All","Female","COVID.19..U071..Underlying.Cause.of.Death.",121.490628238789,166.160390552003,44.6697623132143,73.1164797068564,NA
"220","25+","All","Female","Septicemia..A40.A41.",0.664786636086339,166.160390552003,44.6697623132143,0.400087309543414,1.48822514752822
"221","25+","All","Female","Malignant.neoplasms..C00.C97.",-2.77060076312438,166.160390552003,44.6697623132143,-1.66742552416983,-6.20240766829595
"222","25+","All","Female","Unknown",22.7560293841594,166.160390552003,44.6697623132143,13.6952190040968,50.9428038246528
"223","25+","All","Female","Symptoms..signs.and.abnormal.clinical.and.laboratory.findings..not.elsewhere.classified..R00.R99.",0.462826920459193,166.160390552003,44.6697623132143,0.278542268058971,1.03610786467579
"224","25+","All","Female","Nephritis..nephrotic.syndrome.and.nephrosis..N00.N07.N17.N19.N25.N27.",0.0246519591753298,166.160390552003,44.6697623132143,0.0148362429177214,0.0551871286049741
"225","25+","All","Male","Diabetes.mellitus..E10.E14.",6.86827703184608,267.445667788153,71.3301931687279,2.56810180873317,9.62884961715935
"226","25+","All","Male","Alzheimer.disease..G30.",2.64973703419553,267.445667788153,71.3301931687279,0.99075713437782,3.71474815430223
"227","25+","All","Male","AllCause",267.445667788153,267.445667788153,71.3301931687279,100,NA
"228","25+","All","Male","Diseases.of.heart..I00.I09.I11.I13.I20.I51.",17.7684389376608,267.445667788153,71.3301931687279,6.64375650000634,24.9101231166309
"229","25+","All","Male","Cerebrovascular.diseases..I60.I69.",4.12289764135984,267.445667788153,71.3301931687279,1.54158325893154,5.78001749078029
"230","25+","All","Male","nonCovid",71.3301931687279,267.445667788153,71.3301931687279,26.6709099304721,100
"231","25+","All","Male","ExternalCause",18.2084058123613,267.445667788153,71.3301931687279,6.80826351122066,25.5269262614924
"232","25+","All","Male","Chronic.lower.respiratory.diseases..J40.J47.",-2.6916054856694,267.445667788153,71.3301931687279,-1.00641207162924,-3.77344482903971
"233","25+","All","Male","Other.diseases.of.respiratory.system..J00.J06.J30.J39.J67.J70.J98.",0.28773930422221,267.445667788153,71.3301931687279,0.107587947339694,0.403390614044151
"234","25+","All","Male","Influenza.and.pneumonia..J09.J18.",2.55742805362583,267.445667788153,71.3301931687279,0.956242093871416,3.5853373445609
"235","25+","All","Male","COVID.19..U071..Underlying.Cause.of.Death.",196.115474619425,267.445667788153,71.3301931687279,73.329090069528,NA
"236","25+","All","Male","Septicemia..A40.A41.",0.338430760086652,267.445667788153,71.3301931687279,0.126541874050742,0.474456531031833
"237","25+","All","Male","Malignant.neoplasms..C00.C97.",-4.36135351875146,267.445667788153,71.3301931687279,-1.63074375248663,-6.11431614720978
"238","25+","All","Male","Unknown",24.9251257041582,267.445667788153,71.3301931687279,9.3196969351927,34.9433032449514
"239","25+","All","Male","Symptoms..signs.and.abnormal.clinical.and.laboratory.findings..not.elsewhere.classified..R00.R99.",0.622601458809131,267.445667788153,71.3301931687279,0.232795492242671,0.872844206851367
"240","25+","All","Male","Nephritis..nephrotic.syndrome.and.nephrosis..N00.N07.N17.N19.N25.N27.",0.0340704348232705,267.445667788153,71.3301931687279,0.0127391986211787,0.0477643944446901
"241","25+","Hispanic","Both","Diabetes.mellitus..E10.E14.",9.53897792522915,360.710644122611,74.9191445088311,2.64449582529833,12.7323636538652
"242","25+","Hispanic","Both","Alzheimer.disease..G30.",6.47493207694848,360.710644122611,74.9191445088311,1.79504879671573,8.64256008180291
"243","25+","Hispanic","Both","AllCause",360.710644122611,360.710644122611,74.9191445088311,100,NA
"244","25+","Hispanic","Both","Diseases.of.heart..I00.I09.I11.I13.I20.I51.",21.2350763389998,360.710644122611,74.9191445088311,5.88701128868871,28.3439920172831
"245","25+","Hispanic","Both","Cerebrovascular.diseases..I60.I69.",3.90982291711418,360.710644122611,74.9191445088311,1.08392224649328,5.21872338872384
"246","25+","Hispanic","Both","nonCovid",74.9191445088311,360.710644122611,74.9191445088311,20.7698735065232,100
"247","25+","Hispanic","Both","ExternalCause",9.30815284681981,360.710644122611,74.9191445088311,2.58050406842329,12.4242647294546
"248","25+","Hispanic","Both","Chronic.lower.respiratory.diseases..J40.J47.",-0.359134511654254,360.710644122611,74.9191445088311,-0.0995630479737602,-0.479362803738264
"249","25+","Hispanic","Both","Other.diseases.of.respiratory.system..J00.J06.J30.J39.J67.J70.J98.",0.524267444424517,360.710644122611,74.9191445088311,0.145342937051314,0.699777670796439
"250","25+","Hispanic","Both","Influenza.and.pneumonia..J09.J18.",4.12817812459526,360.710644122611,74.9191445088311,1.14445697454717,5.5101778746401
"251","25+","Hispanic","Both","COVID.19..U071..Underlying.Cause.of.Death.",285.79149961378,360.710644122611,74.9191445088311,79.2301264934769,NA
"252","25+","Hispanic","Both","Septicemia..A40.A41.",0.787735350517211,360.710644122611,74.9191445088311,0.218384282069993,1.05144733790221
"253","25+","Hispanic","Both","Malignant.neoplasms..C00.C97.",-4.07169762534497,360.710644122611,74.9191445088311,-1.12879885628242,-5.43478926786866
"254","25+","Hispanic","Both","Unknown",22.6658703696305,360.710644122611,74.9191445088311,6.28367106403604,30.253776278717
"255","25+","Hispanic","Both","Symptoms..signs.and.abnormal.clinical.and.laboratory.findings..not.elsewhere.classified..R00.R99.",0.963137603803968,360.710644122611,74.9191445088311,0.267011140230335,1.28556940968598
"256","25+","Hispanic","Both","Nephritis..nephrotic.syndrome.and.nephrosis..N00.N07.N17.N19.N25.N27.",-0.186174352252525,360.710644122611,74.9191445088311,-0.0516132127748473,-0.248500371264357
"257","25+","Hispanic","Female","Diabetes.mellitus..E10.E14.",7.65854258574315,254.26986773717,56.2168789803592,3.01197410998755,13.6232084111586
"258","25+","Hispanic","Female","Alzheimer.disease..G30.",7.75742230344618,254.26986773717,56.2168789803592,3.05086181562999,13.7990981430265
"259","25+","Hispanic","Female","AllCause",254.26986773717,254.26986773717,56.2168789803592,100,NA
"260","25+","Hispanic","Female","Diseases.of.heart..I00.I09.I11.I13.I20.I51.",14.5793783757943,254.26986773717,56.2168789803592,5.73382072580637,25.934165396994
"261","25+","Hispanic","Female","Cerebrovascular.diseases..I60.I69.",3.40852542199284,254.26986773717,56.2168789803592,1.34051488378329,6.06317085511577
"262","25+","Hispanic","Female","nonCovid",56.2168789803592,254.26986773717,56.2168789803592,22.1091391916201,100
"263","25+","Hispanic","Female","ExternalCause",2.41992823809843,254.26986773717,56.2168789803592,0.951716481246542,4.30462928926363
"264","25+","Hispanic","Female","Chronic.lower.respiratory.diseases..J40.J47.",-0.107922272592141,254.26986773717,56.2168789803592,-0.0424439881738944,-0.191974856216843
"265","25+","Hispanic","Female","Other.diseases.of.respiratory.system..J00.J06.J30.J39.J67.J70.J98.",-0.319313170011048,254.26986773717,56.2168789803592,-0.125580420854708,-0.568002307852431
"266","25+","Hispanic","Female","Influenza.and.pneumonia..J09.J18.",3.05766816889283,254.26986773717,56.2168789803592,1.20252871333281,5.43905713791245
"267","25+","Hispanic","Female","COVID.19..U071..Underlying.Cause.of.Death.",198.052988756811,254.26986773717,56.2168789803592,77.89086080838,NA
"268","25+","Hispanic","Female","Septicemia..A40.A41.",1.19596624386999,254.26986773717,56.2168789803592,0.470353115181629,2.12741487176445
"269","25+","Hispanic","Female","Malignant.neoplasms..C00.C97.",-2.05059590602568,254.26986773717,56.2168789803592,-0.806464377503554,-3.6476516363388
"270","25+","Hispanic","Female","Unknown",18.196183828241,254.26986773717,56.2168789803592,7.15624859137842,32.3678300152491
"271","25+","Hispanic","Female","Symptoms..signs.and.abnormal.clinical.and.laboratory.findings..not.elsewhere.classified..R00.R99.",0.812069744593338,254.26986773717,56.2168789803592,0.319373173007172,1.44453011145826
"272","25+","Hispanic","Female","Nephritis..nephrotic.syndrome.and.nephrosis..N00.N07.N17.N19.N25.N27.",-0.390974581684087,254.26986773717,56.2168789803592,-0.153763631201564,-0.695475431534868
"273","25+","Hispanic","Male","Diabetes.mellitus..E10.E14.",11.6753913949703,486.56163932769,92.3948763682947,2.39957087679639,12.636405668677
"274","25+","Hispanic","Male","Alzheimer.disease..G30.",4.51813060961701,486.56163932769,92.3948763682947,0.928583399188635,4.89002289651573
"275","25+","Hispanic","Male","AllCause",486.56163932769,486.56163932769,92.3948763682947,100,NA
"276","25+","Hispanic","Male","Diseases.of.heart..I00.I09.I11.I13.I20.I51.",28.7344569552862,486.56163932769,92.3948763682947,5.90561495867003,31.0996216291777
"277","25+","Hispanic","Male","Cerebrovascular.diseases..I60.I69.",4.25521475379777,486.56163932769,92.3948763682947,0.874547931825749,4.60546614818346
"278","25+","Hispanic","Male","nonCovid",92.3948763682947,486.56163932769,92.3948763682947,18.989346652145,100
"279","25+","Hispanic","Male","ExternalCause",15.9370980874875,486.56163932769,92.3948763682947,3.27545305657649,17.2488981141776
"280","25+","Hispanic","Male","Chronic.lower.respiratory.diseases..J40.J47.",-0.733490467925115,486.56163932769,92.3948763682947,-0.15074975268059,-0.793864872984247
"281","25+","Hispanic","Male","Other.diseases.of.respiratory.system..J00.J06.J30.J39.J67.J70.J98.",1.5916867218033,486.56163932769,92.3948763682947,0.327129513128619,1.72270020196649
"282","25+","Hispanic","Male","Influenza.and.pneumonia..J09.J18.",5.6112112600693,486.56163932769,92.3948763682947,1.15323749480593,6.07307621442392
"283","25+","Hispanic","Male","COVID.19..U071..Underlying.Cause.of.Death.",394.166762959395,486.56163932769,92.3948763682947,81.0106533478549,NA
"284","25+","Hispanic","Male","Septicemia..A40.A41.",0.208793879600046,486.56163932769,92.3948763682947,0.0429121128185421,0.225979932878284
"285","25+","Hispanic","Male","Malignant.neoplasms..C00.C97.",-7.21139413695866,486.56163932769,92.3948763682947,-1.48211317006475,-7.80497189932195
"286","25+","Hispanic","Male","Unknown",26.6093619940495,486.56163932769,92.3948763682947,5.46885735398646,28.7996077704374
"287","25+","Hispanic","Male","Symptoms..signs.and.abnormal.clinical.and.laboratory.findings..not.elsewhere.classified..R00.R99.",1.08310096674007,486.56163932769,92.3948763682947,0.222603033037429,1.17225219548185
"288","25+","Hispanic","Male","Nephritis..nephrotic.syndrome.and.nephrosis..N00.N07.N17.N19.N25.N27.",0.115314349757618,486.56163932769,92.3948763682947,0.0236998440561312,0.124806000386823
"289","25+","Non-Hispanic Black","Both","Diabetes.mellitus..E10.E14.",15.3745634567246,413.347082560504,154.177287747359,3.71952872183975,9.97200280362821
"290","25+","Non-Hispanic Black","Both","Alzheimer.disease..G30.",7.13131817047289,413.347082560504,154.177287747359,1.72526152266456,4.62540123429759
"291","25+","Non-Hispanic Black","Both","AllCause",413.347082560504,413.347082560504,154.177287747359,100,NA
"292","25+","Non-Hispanic Black","Both","Diseases.of.heart..I00.I09.I11.I13.I20.I51.",42.60273343367,413.347082560504,154.177287747359,10.3067700804285,27.6323017846056
"293","25+","Non-Hispanic Black","Both","Cerebrovascular.diseases..I60.I69.",8.18023197995527,413.347082560504,154.177287747359,1.97902255152796,5.30573088907863
"294","25+","Non-Hispanic Black","Both","nonCovid",154.177287747359,413.347082560504,154.177287747359,37.2997159656477,100
"295","25+","Non-Hispanic Black","Both","ExternalCause",29.0348872601839,413.347082560504,154.177287747359,7.02433583910293,18.8321429728103
"296","25+","Non-Hispanic Black","Both","Chronic.lower.respiratory.diseases..J40.J47.",2.48731196134766,413.347082560504,154.177287747359,0.601749006171726,1.61328039796852
"297","25+","Non-Hispanic Black","Both","Other.diseases.of.respiratory.system..J00.J06.J30.J39.J67.J70.J98.",3.21215138497696,413.347082560504,154.177287747359,0.777107549684176,2.08341412143695
"298","25+","Non-Hispanic Black","Both","Influenza.and.pneumonia..J09.J18.",6.14239794840421,413.347082560504,154.177287747359,1.48601458860064,3.98398365813088
"299","25+","Non-Hispanic Black","Both","COVID.19..U071..Underlying.Cause.of.Death.",259.169794813145,413.347082560504,154.177287747359,62.7002840343523,NA
"300","25+","Non-Hispanic Black","Both","Septicemia..A40.A41.",1.47522261776655,413.347082560504,154.177287747359,0.35689682593819,0.956835237745202
"301","25+","Non-Hispanic Black","Both","Malignant.neoplasms..C00.C97.",-7.01126849681435,413.347082560504,154.177287747359,-1.69621821288362,-4.5475365400793
"302","25+","Non-Hispanic Black","Both","Unknown",40.8493751585937,413.347082560504,154.177287747359,9.88258460796426,26.4950666569846
"303","25+","Non-Hispanic Black","Both","Symptoms..signs.and.abnormal.clinical.and.laboratory.findings..not.elsewhere.classified..R00.R99.",2.56746656953967,413.347082560504,154.177287747359,0.621140605041977,1.66526899457904
"304","25+","Non-Hispanic Black","Both","Nephritis..nephrotic.syndrome.and.nephrosis..N00.N07.N17.N19.N25.N27.",2.1308963025382,413.347082560504,154.177287747359,0.515522279566663,1.38210778881386
"305","25+","Non-Hispanic Black","Female","Diabetes.mellitus..E10.E14.",12.3278501471709,323.013234221356,117.894416523268,3.81651549878072,10.4566870176908
"306","25+","Non-Hispanic Black","Female","Alzheimer.disease..G30.",8.22542115359524,323.013234221356,117.894416523268,2.54646568070907,6.97693868476957
"307","25+","Non-Hispanic Black","Female","AllCause",323.013234221356,323.013234221356,117.894416523268,100,NA
"308","25+","Non-Hispanic Black","Female","Diseases.of.heart..I00.I09.I11.I13.I20.I51.",32.4046794995421,323.013234221356,117.894416523268,10.031997474548,27.4861867552028
"309","25+","Non-Hispanic Black","Female","Cerebrovascular.diseases..I60.I69.",5.73119581832243,323.013234221356,117.894416523268,1.77429133271826,4.86129537541866
"310","25+","Non-Hispanic Black","Female","nonCovid",117.894416523268,323.013234221356,117.894416523268,36.4983239177367,100
"311","25+","Non-Hispanic Black","Female","ExternalCause",12.1820234457175,323.013234221356,117.894416523268,3.77136976293959,10.3329943902078
"312","25+","Non-Hispanic Black","Female","Chronic.lower.respiratory.diseases..J40.J47.",2.48173802288639,323.013234221356,117.894416523268,0.768308465400428,2.10505136381636
"313","25+","Non-Hispanic Black","Female","Other.diseases.of.respiratory.system..J00.J06.J30.J39.J67.J70.J98.",2.49719250151738,323.013234221356,117.894416523268,0.773092937673906,2.11816010898576
"314","25+","Non-Hispanic Black","Female","Influenza.and.pneumonia..J09.J18.",3.82587747911042,323.013234221356,117.894416523268,1.184433662086,3.24517275027638
"315","25+","Non-Hispanic Black","Female","COVID.19..U071..Underlying.Cause.of.Death.",205.118817698088,323.013234221356,117.894416523268,63.5016760822633,NA
"316","25+","Non-Hispanic Black","Female","Septicemia..A40.A41.",1.85141942764503,323.013234221356,117.894416523268,0.573171384791089,1.57040467415149
"317","25+","Non-Hispanic Black","Female","Malignant.neoplasms..C00.C97.",-6.04650230748859,323.013234221356,117.894416523268,-1.87190544129378,-5.12874357056192
"318","25+","Non-Hispanic Black","Female","Unknown",38.0135962788493,323.013234221356,117.894416523268,11.7684330707017,32.2437630210815
"319","25+","Non-Hispanic Black","Female","Symptoms..signs.and.abnormal.clinical.and.laboratory.findings..not.elsewhere.classified..R00.R99.",2.1903087347822,323.013234221356,117.894416523268,0.678086376263216,1.85785620674404
"320","25+","Non-Hispanic Black","Female","Nephritis..nephrotic.syndrome.and.nephrosis..N00.N07.N17.N19.N25.N27.",2.2096163216177,323.013234221356,117.894416523268,0.684063712418509,1.87423322221677
"321","25+","Non-Hispanic Black","Male","Diabetes.mellitus..E10.E14.",19.4592561705218,533.820298386125,194.750584532186,3.64528217254984,9.99188588689742
"322","25+","Non-Hispanic Black","Male","Alzheimer.disease..G30.",4.88038956467626,533.820298386125,194.750584532186,0.91423828944514,2.50596914838511
"323","25+","Non-Hispanic Black","Male","AllCause",533.820298386125,533.820298386125,194.750584532186,100,NA
"324","25+","Non-Hispanic Black","Male","Diseases.of.heart..I00.I09.I11.I13.I20.I51.",55.2352980403174,533.820298386125,194.750584532186,10.3471708002314,28.3620704774772
"325","25+","Non-Hispanic Black","Male","Cerebrovascular.diseases..I60.I69.",11.6410946646893,533.820298386125,194.750584532186,2.18071412793468,5.977437599303
"326","25+","Non-Hispanic Black","Male","nonCovid",194.750584532186,533.820298386125,194.750584532186,36.4824239769389,100
"327","25+","Non-Hispanic Black","Male","ExternalCause",47.7528345076123,533.820298386125,194.750584532186,8.94548870696399,24.5199954712948
"328","25+","Non-Hispanic Black","Male","Chronic.lower.respiratory.diseases..J40.J47.",2.0232785844465,533.820298386125,194.750584532186,0.379018667998086,1.0389075798189
"329","25+","Non-Hispanic Black","Male","Other.diseases.of.respiratory.system..J00.J06.J30.J39.J67.J70.J98.",3.98397691223574,533.820298386125,194.750584532186,0.746314241755197,2.04568161980397
"330","25+","Non-Hispanic Black","Male","Influenza.and.pneumonia..J09.J18.",9.54579713084776,533.820298386125,194.750584532186,1.78820422522469,4.90154992539708
"331","25+","Non-Hispanic Black","Male","COVID.19..U071..Underlying.Cause.of.Death.",339.069713853939,533.820298386125,194.750584532186,63.5175760230612,NA
"332","25+","Non-Hispanic Black","Male","Septicemia..A40.A41.",0.843704721083803,533.820298386125,194.750584532186,0.158050325855824,0.433223203468416
"333","25+","Non-Hispanic Black","Male","Malignant.neoplasms..C00.C97.",-7.99167151612875,533.820298386125,194.750584532186,-1.49707149396334,-4.10354173535637
"334","25+","Non-Hispanic Black","Male","Unknown",42.5394849503692,533.820298386125,194.750584532186,7.96887736921523,21.8430589323026
"335","25+","Non-Hispanic Black","Male","Symptoms..signs.and.abnormal.clinical.and.laboratory.findings..not.elsewhere.classified..R00.R99.",3.02263046805071,533.820298386125,194.750584532186,0.566226214549895,1.55205206459915
"336","25+","Non-Hispanic Black","Male","Nephritis..nephrotic.syndrome.and.nephrosis..N00.N07.N17.N19.N25.N27.",1.81451033346416,533.820298386125,194.750584532186,0.339910329178168,0.931709826608645
"337","25+","Non-Hispanic White","Both","Diabetes.mellitus..E10.E14.",3.74702774275126,169.129577254178,47.1862514183676,2.2154775075917,7.94093116134395
"338","25+","Non-Hispanic White","Both","Alzheimer.disease..G30.",4.57031476954499,169.129577254178,47.1862514183676,2.70225636683076,9.685691556685
"339","25+","Non-Hispanic White","Both","AllCause",169.129577254178,169.129577254178,47.1862514183676,100,NA
"340","25+","Non-Hispanic White","Both","Diseases.of.heart..I00.I09.I11.I13.I20.I51.",8.19646255433918,169.129577254178,47.1862514183676,4.84626207160739,17.3704464922777
"341","25+","Non-Hispanic White","Both","Cerebrovascular.diseases..I60.I69.",2.82397588519819,169.129577254178,47.1862514183676,1.66971143134482,5.98474301372229
"342","25+","Non-Hispanic White","Both","nonCovid",47.1862514183676,169.129577254178,47.1862514183676,27.89946748785,100
"343","25+","Non-Hispanic White","Both","ExternalCause",10.2248465229869,169.129577254178,47.1862514183676,6.04556972765344,21.6691222880374
"344","25+","Non-Hispanic White","Both","Chronic.lower.respiratory.diseases..J40.J47.",-4.179567670434,169.129577254178,47.1862514183676,-2.47122220624526,-8.85759632265907
"345","25+","Non-Hispanic White","Both","Other.diseases.of.respiratory.system..J00.J06.J30.J39.J67.J70.J98.",-0.236774647514441,169.129577254178,47.1862514183676,-0.139996002685326,-0.501787364745559
"346","25+","Non-Hispanic White","Both","Influenza.and.pneumonia..J09.J18.",0.45530866416367,169.129577254178,47.1862514183676,0.269207001847704,0.964918065066804
"347","25+","Non-Hispanic White","Both","COVID.19..U071..Underlying.Cause.of.Death.",121.943325835811,169.129577254178,47.1862514183676,72.10053251215,NA
"348","25+","Non-Hispanic White","Both","Septicemia..A40.A41.",0.395893362233281,169.129577254178,47.1862514183676,0.234076953694686,0.839001510679816
"349","25+","Non-Hispanic White","Both","Malignant.neoplasms..C00.C97.",-2.41325997619731,169.129577254178,47.1862514183676,-1.42687045954742,-5.11432865221823
"350","25+","Non-Hispanic White","Both","Unknown",23.7326900812853,169.129577254178,47.1862514183676,14.0322529427354,50.2957733829375
"351","25+","Non-Hispanic White","Both","Symptoms..signs.and.abnormal.clinical.and.laboratory.findings..not.elsewhere.classified..R00.R99.",0.137281729387842,169.129577254178,47.1862514183676,0.0811695574580233,0.290935866404519
"352","25+","Non-Hispanic White","Both","Nephritis..nephrotic.syndrome.and.nephrosis..N00.N07.N17.N19.N25.N27.",-0.267947599377187,169.129577254178,47.1862514183676,-0.158427404435889,-0.567850997532062
"353","25+","Non-Hispanic White","Female","Diabetes.mellitus..E10.E14.",3.21227693329882,136.128305097289,36.7826920544894,2.35974210580455,8.73312080730848
"354","25+","Non-Hispanic White","Female","Alzheimer.disease..G30.",6.10340970658844,136.128305097289,36.7826920544894,4.48357136469627,16.5931566334159
"355","25+","Non-Hispanic White","Female","AllCause",136.128305097289,136.128305097289,36.7826920544894,100,NA
"356","25+","Non-Hispanic White","Female","Diseases.of.heart..I00.I09.I11.I13.I20.I51.",4.00676288662012,136.128305097289,36.7826920544894,2.94337234549166,10.8930659036173
"357","25+","Non-Hispanic White","Female","Cerebrovascular.diseases..I60.I69.",2.5216278837199,136.128305097289,36.7826920544894,1.85239056779391,6.85547398212288
"358","25+","Non-Hispanic White","Female","nonCovid",36.7826920544894,136.128305097289,36.7826920544894,27.0206053239268,100
"359","25+","Non-Hispanic White","Female","ExternalCause",5.55695565810203,136.128305097289,36.7826920544894,4.08214563027912,15.1075284263317
"360","25+","Non-Hispanic White","Female","Chronic.lower.respiratory.diseases..J40.J47.",-5.08230636214925,136.128305097289,36.7826920544894,-3.73346774465236,-13.8171136430699
"361","25+","Non-Hispanic White","Female","Other.diseases.of.respiratory.system..J00.J06.J30.J39.J67.J70.J98.",-0.265731892097406,136.128305097289,36.7826920544894,-0.195206935036391,-0.722437312918137
"362","25+","Non-Hispanic White","Female","Influenza.and.pneumonia..J09.J18.",-0.0921163517111623,136.128305097289,36.7826920544894,-0.067668771491225,-0.25043395838103
"363","25+","Non-Hispanic White","Female","COVID.19..U071..Underlying.Cause.of.Death.",99.3456130427998,136.128305097289,36.7826920544894,72.9793946760732,NA
"364","25+","Non-Hispanic White","Female","Septicemia..A40.A41.",0.50510001350399,136.128305097289,36.7826920544894,0.3710470156394,1.37320023438127
"365","25+","Non-Hispanic White","Female","Malignant.neoplasms..C00.C97.",-2.1102287345002,136.128305097289,36.7826920544894,-1.55017630829389,-5.73701547285917
"366","25+","Non-Hispanic White","Female","Unknown",22.6204288392987,136.128305097289,36.7826920544894,16.6169914648773,61.4974804067876
"367","25+","Non-Hispanic White","Female","Symptoms..signs.and.abnormal.clinical.and.laboratory.findings..not.elsewhere.classified..R00.R99.",0.103978181419803,136.128305097289,36.7826920544894,0.0763824844109323,0.282682358501035
"368","25+","Non-Hispanic White","Female","Nephritis..nephrotic.syndrome.and.nephrosis..N00.N07.N17.N19.N25.N27.",-0.297464707604192,136.128305097289,36.7826920544894,-0.218517895592395,-0.808708365237464
"369","25+","Non-Hispanic White","Male","Diabetes.mellitus..E10.E14.",4.33758234670252,206.053511525421,55.792678584133,2.10507567407673,7.77446513911611
"370","25+","Non-Hispanic White","Male","Alzheimer.disease..G30.",2.38458046025559,206.053511525421,55.792678584133,1.15726271423499,4.27400246908695
"371","25+","Non-Hispanic White","Male","AllCause",206.053511525421,206.053511525421,55.792678584133,100,NA
"372","25+","Non-Hispanic White","Male","Diseases.of.heart..I00.I09.I11.I13.I20.I51.",12.5392511527181,206.053511525421,55.792678584133,6.08543434173466,22.474725126899
"373","25+","Non-Hispanic White","Male","Cerebrovascular.diseases..I60.I69.",3.15853871572637,206.053511525421,55.792678584133,1.53287303494301,5.66120644479082
"374","25+","Non-Hispanic White","Male","nonCovid",55.792678584133,206.053511525421,55.792678584133,27.0767909612887,100
"375","25+","Non-Hispanic White","Male","ExternalCause",14.8180742794968,206.053511525421,55.792678584133,7.19137187704209,26.5591734534698
"376","25+","Non-Hispanic White","Male","Chronic.lower.respiratory.diseases..J40.J47.",-3.21020564564348,206.053511525421,55.792678584133,-1.55794755540841,-5.75381165971917
"377","25+","Non-Hispanic White","Male","Other.diseases.of.respiratory.system..J00.J06.J30.J39.J67.J70.J98.",-0.291380069745848,206.053511525421,55.792678584133,-0.141409902499964,-0.522255029047332
"378","25+","Non-Hispanic White","Male","Influenza.and.pneumonia..J09.J18.",1.23095159095799,206.053511525421,55.792678584133,0.597394134099058,2.2062959194579
"379","25+","Non-Hispanic White","Male","COVID.19..U071..Underlying.Cause.of.Death.",150.260832941288,206.053511525421,55.792678584133,72.9232090387114,NA
"380","25+","Non-Hispanic White","Male","Septicemia..A40.A41.",0.210421115602927,206.053511525421,55.792678584133,0.102119645545069,0.377148258414624
"381","25+","Non-Hispanic White","Male","Malignant.neoplasms..C00.C97.",-2.94004539391341,206.053511525421,55.792678584133,-1.42683586032976,-5.26958996865502
"382","25+","Non-Hispanic White","Male","Unknown",23.7353315414762,206.053511525421,55.792678584133,11.5190133697615,42.542018314615
"383","25+","Non-Hispanic White","Male","Symptoms..signs.and.abnormal.clinical.and.laboratory.findings..not.elsewhere.classified..R00.R99.",0.0933186689541809,206.053511525421,55.792678584133,0.0452885603663533,0.167259703821999
"384","25+","Non-Hispanic White","Male","Nephritis..nephrotic.syndrome.and.nephrosis..N00.N07.N17.N19.N25.N27.",-0.273740178454894,206.053511525421,55.792678584133,-0.132849072276607,-0.490638172250692
"385","65+","All","Both","Nephritis..nephrotic.syndrome.and.nephrosis..N00.N07.N17.N19.N25.N27.",-0.877564011165063,623.774499570309,115.056874063801,-0.140686099186417,-0.762721930615323
"386","65+","All","Both","Malignant.neoplasms..C00.C97.",-10.6984201452738,623.774499570309,115.056874063801,-1.71511021252767,-9.29837546198353
"387","65+","All","Both","Cerebrovascular.diseases..I60.I69.",10.3358182191399,623.774499570309,115.056874063801,1.65697992243347,8.98322529900168
"388","65+","All","Both","nonCovid",115.056874063801,623.774499570309,115.056874063801,18.4452673430957,100
"389","65+","All","Both","ExternalCause",1.48658394662664,623.774499570309,115.056874063801,0.238320730913284,1.29204270385644
"390","65+","All","Both","Chronic.lower.respiratory.diseases..J40.J47.",-13.8952875686697,623.774499570309,115.056874063801,-2.22761391788884,-12.0768860459085
"391","65+","All","Both","Other.diseases.of.respiratory.system..J00.J06.J30.J39.J67.J70.J98.",-0.92400689820235,623.774499570309,115.056874063801,-0.148131560177413,-0.803087086904493
"392","65+","All","Both","Influenza.and.pneumonia..J09.J18.",2.46200941310072,623.774499570309,115.056874063801,0.394695425157118,2.13981948765225
"393","65+","All","Both","COVID.19..U071..Underlying.Cause.of.Death.",508.717625506507,623.774499570309,115.056874063801,81.5547326569042,NA
"394","65+","All","Both","Septicemia..A40.A41.",0.101294747706589,623.774499570309,115.056874063801,0.0162390010775315,0.0880388490742584
"395","65+","All","Both","AllCause",623.774499570309,623.774499570309,115.056874063801,100,NA
"396","65+","All","Both","Diabetes.mellitus..E10.E14.",14.8220286815794,623.774499570309,115.056874063801,2.37618381190473,12.8823495355526
"397","65+","All","Both","Symptoms..signs.and.abnormal.clinical.and.laboratory.findings..not.elsewhere.classified..R00.R99.",0.910788840430243,623.774499570309,115.056874063801,0.14601251591042,0.791598805235396
"398","65+","All","Both","Alzheimer.disease..G30.",19.2199585496002,623.774499570309,115.056874063801,3.08123505575172,16.7047459840969
"399","65+","All","Both","Diseases.of.heart..I00.I09.I11.I13.I20.I51.",26.245179023855,623.774499570309,115.056874063801,4.20747867088735,22.8106136529501
"400","65+","All","Both","Unknown",65.8684912650731,623.774499570309,115.056874063801,10.5596639988405,57.2486362079922
"401","65+","All","Female","Nephritis..nephrotic.syndrome.and.nephrosis..N00.N07.N17.N19.N25.N27.",-0.744558869901084,522.308451291749,110.264122862497,-0.142551564704664,-0.675250344873802
"402","65+","All","Female","Malignant.neoplasms..C00.C97.",-8.71312108959864,522.308451291749,110.264122862497,-1.66819454444012,-7.9020454372672
"403","65+","All","Female","Cerebrovascular.diseases..I60.I69.",9.81930522252679,522.308451291749,110.264122862497,1.8799820677307,8.90525854431526
"404","65+","All","Female","nonCovid",110.264122862497,522.308451291749,110.264122862497,21.1109206810261,100
"405","65+","All","Female","ExternalCause",0.40470174261128,522.308451291749,110.264122862497,0.0774832843715989,0.367029394607307
"406","65+","All","Female","Chronic.lower.respiratory.diseases..J40.J47.",-15.6170369005747,522.308451291749,110.264122862497,-2.99000272003093,-14.1632985373218
"407","65+","All","Female","Other.diseases.of.respiratory.system..J00.J06.J30.J39.J67.J70.J98.",-1.14604236883737,522.308451291749,110.264122862497,-0.219418691388782,-1.0393610714761
"408","65+","All","Female","Influenza.and.pneumonia..J09.J18.",-0.12414635383395,522.308451291749,110.264122862497,-0.0237687813641378,-0.112589979959995
"409","65+","All","Female","COVID.19..U071..Underlying.Cause.of.Death.",412.044328429252,522.308451291749,110.264122862497,78.8890793189739,NA
"410","65+","All","Female","Septicemia..A40.A41.",0.457904509771481,522.308451291749,110.264122862497,0.0876693663751779,0.415279691965176
"411","65+","All","Female","AllCause",522.308451291749,522.308451291749,110.264122862497,100,NA
"412","65+","All","Female","Diabetes.mellitus..E10.E14.",13.1063007058872,522.308451291749,110.264122862497,2.50930282163217,11.8862784790218
"413","65+","All","Female","Symptoms..signs.and.abnormal.clinical.and.laboratory.findings..not.elsewhere.classified..R00.R99.",1.00602290064259,522.308451291749,110.264122862497,0.192610879290684,0.91237555292317
"414","65+","All","Female","Alzheimer.disease..G30.",25.0004906314678,522.308451291749,110.264122862497,4.78653764258222,22.6732775652188
"415","65+","All","Female","Diseases.of.heart..I00.I09.I11.I13.I20.I51.",17.7830808398492,522.308451291749,110.264122862497,3.40470861535341,16.1277126033327
"416","65+","All","Female","Unknown",69.0312218924868,522.308451291749,110.264122862497,13.2165623056188,62.6053335395149
"417","65+","All","Male","Nephritis..nephrotic.syndrome.and.nephrosis..N00.N07.N17.N19.N25.N27.",-1.12255117433639,749.899029363547,113.685309179755,-0.1496936427947,-0.98741973121739
"418","65+","All","Male","Malignant.neoplasms..C00.C97.",-13.732778819955,749.899029363547,113.685309179755,-1.8312837171706,-12.0796424085378
"419","65+","All","Male","Cerebrovascular.diseases..I60.I69.",11.0927946925521,749.899029363547,113.685309179755,1.47923843853575,9.75745659011457
"420","65+","All","Male","nonCovid",113.685309179755,749.899029363547,113.685309179755,15.1600821881636,100
"421","65+","All","Male","ExternalCause",2.65374392584553,749.899029363547,113.685309179755,0.35388016545345,2.3342892278628
"422","65+","All","Male","Chronic.lower.respiratory.diseases..J40.J47.",-12.0952984390028,749.899029363547,113.685309179755,-1.61292360243062,-10.6392800672936
"423","65+","All","Male","Other.diseases.of.respiratory.system..J00.J06.J30.J39.J67.J70.J98.",-0.928856108248354,749.899029363547,113.685309179755,-0.123864156623418,-0.817041458522739
"424","65+","All","Male","Influenza.and.pneumonia..J09.J18.",6.26601113004739,749.899029363547,113.685309179755,0.835580642818736,5.51171578390997
"425","65+","All","Male","COVID.19..U071..Underlying.Cause.of.Death.",636.213720183793,749.899029363547,113.685309179755,84.8399178118365,NA
"426","65+","All","Male","Septicemia..A40.A41.",-0.544059176991681,749.899029363547,113.685309179755,-0.0725509909585339,-0.478565947453629
"427","65+","All","Male","AllCause",749.899029363547,749.899029363547,113.685309179755,100,NA
"428","65+","All","Male","Diabetes.mellitus..E10.E14.",16.897574168505,749.899029363547,113.685309179755,2.25331324709758,14.8634632657657
"429","65+","All","Male","Symptoms..signs.and.abnormal.clinical.and.laboratory.findings..not.elsewhere.classified..R00.R99.",0.595146157020373,749.899029363547,113.685309179755,0.0793635054475914,0.523503134498541
"430","65+","All","Male","Alzheimer.disease..G30.",10.6696278814937,749.899029363547,113.685309179755,1.42280860005235,9.3852301220585
"431","65+","All","Male","Diseases.of.heart..I00.I09.I11.I13.I20.I51.",35.6924268345981,749.899029363547,113.685309179755,4.75963102191117,31.3958127854168
"432","65+","All","Male","Unknown",58.2415281082265,749.899029363547,113.685309179755,7.76658267682479,51.230478703398
"433","65+","Hispanic","Both","Nephritis..nephrotic.syndrome.and.nephrosis..N00.N07.N17.N19.N25.N27.",-2.18569579472224,1069.50663727237,196.778807680698,-0.204364864934036,-1.11073739112641
"434","65+","Hispanic","Both","Malignant.neoplasms..C00.C97.",-12.9198818821795,1069.50663727237,196.778807680698,-1.20802259957263,-6.56568765430469
"435","65+","Hispanic","Both","Cerebrovascular.diseases..I60.I69.",12.0425096683327,1069.50663727237,196.778807680698,1.12598737105975,6.1198204269402
"436","65+","Hispanic","Both","nonCovid",196.778807680698,1069.50663727237,196.778807680698,18.3990263195144,100
"437","65+","Hispanic","Both","ExternalCause",2.28652278395093,1069.50663727237,196.778807680698,0.21379229490173,1.16197613498154
"438","65+","Hispanic","Both","Chronic.lower.respiratory.diseases..J40.J47.",-2.61375074044079,1069.50663727237,196.778807680698,-0.244388454391157,-1.32826841022534
"439","65+","Hispanic","Both","Other.diseases.of.respiratory.system..J00.J06.J30.J39.J67.J70.J98.",-0.134417486568879,1069.50663727237,196.778807680698,-0.0125681769410699,-0.0683089241942102
"440","65+","Hispanic","Both","Influenza.and.pneumonia..J09.J18.",12.2089596932493,1069.50663727237,196.778807680698,1.14155062416317,6.20440780038678
"441","65+","Hispanic","Both","COVID.19..U071..Underlying.Cause.of.Death.",872.727829591676,1069.50663727237,196.778807680698,81.6009736804856,NA
"442","65+","Hispanic","Both","Septicemia..A40.A41.",1.85835499950436,1069.50663727237,196.778807680698,0.17375815490438,0.944387772955616
"443","65+","Hispanic","Both","AllCause",1069.50663727237,1069.50663727237,196.778807680698,100,NA
"444","65+","Hispanic","Both","Diabetes.mellitus..E10.E14.",28.7526440784021,1069.50663727237,196.778807680698,2.68840258455354,14.6116568228513
"445","65+","Hispanic","Both","Symptoms..signs.and.abnormal.clinical.and.laboratory.findings..not.elsewhere.classified..R00.R99.",2.35770673881771,1069.50663727237,196.778807680698,0.220448069853097,1.19815073920126
"446","65+","Hispanic","Both","Alzheimer.disease..G30.",26.1488644471049,1069.50663727237,196.778807680698,2.44494643939695,13.2884555787813
"447","65+","Hispanic","Both","Diseases.of.heart..I00.I09.I11.I13.I20.I51.",66.6728245370139,1069.50663727237,196.778807680698,6.23397950171245,33.8821163329743
"448","65+","Hispanic","Both","Unknown",62.3041666382329,1069.50663727237,196.778807680698,5.82550537480823,31.6620307707782
"449","65+","Hispanic","Female","Nephritis..nephrotic.syndrome.and.nephrosis..N00.N07.N17.N19.N25.N27.",-2.48465044278429,816.654791916746,177.907384174647,-0.304247335272795,-1.39659770408696
"450","65+","Hispanic","Female","Malignant.neoplasms..C00.C97.",-4.70876442947178,816.654791916746,177.907384174647,-0.576591783465812,-2.64675041528873
"451","65+","Hispanic","Female","Cerebrovascular.diseases..I60.I69.",11.7638372554994,816.654791916746,177.907384174647,1.44049081349157,6.612337824017
"452","65+","Hispanic","Female","nonCovid",177.907384174647,816.654791916746,177.907384174647,21.7848944175159,100
"453","65+","Hispanic","Female","ExternalCause",-0.720465933226755,816.654791916746,177.907384174647,-0.0882216011413796,-0.404966852033242
"454","65+","Hispanic","Female","Chronic.lower.respiratory.diseases..J40.J47.",-1.98779756860662,816.654791916746,177.907384174647,-0.243407323177658,-1.11732156471665
"455","65+","Hispanic","Female","Other.diseases.of.respiratory.system..J00.J06.J30.J39.J67.J70.J98.",-2.42014773889607,816.654791916746,177.907384174647,-0.296348930153929,-1.36034136532538
"456","65+","Hispanic","Female","Influenza.and.pneumonia..J09.J18.",9.79857169524187,816.654791916746,177.907384174647,1.19984255186257,5.50768128074035
"457","65+","Hispanic","Female","COVID.19..U071..Underlying.Cause.of.Death.",638.747407742099,816.654791916746,177.907384174647,78.2151055824841,NA
"458","65+","Hispanic","Female","Septicemia..A40.A41.",2.95862954730142,816.654791916746,177.907384174647,0.362286436886914,1.66301672132788
"459","65+","Hispanic","Female","AllCause",816.654791916746,816.654791916746,177.907384174647,100,NA
"460","65+","Hispanic","Female","Diabetes.mellitus..E10.E14.",24.6364475144749,816.654791916746,177.907384174647,3.01675172402422,13.8479061050608
"461","65+","Hispanic","Female","Symptoms..signs.and.abnormal.clinical.and.laboratory.findings..not.elsewhere.classified..R00.R99.",2.53647878710553,816.654791916746,177.907384174647,0.310593755429052,1.42572990934178
"462","65+","Hispanic","Female","Alzheimer.disease..G30.",31.3316097945532,816.654791916746,177.907384174647,3.83657943413467,17.6111913172731
"463","65+","Hispanic","Female","Diseases.of.heart..I00.I09.I11.I13.I20.I51.",49.5742484310485,816.654791916746,177.907384174647,6.07040440119065,27.8652000090017
"464","65+","Hispanic","Female","Unknown",57.6293872624079,816.654791916746,177.907384174647,7.0567622737078,32.3929147346884
"465","65+","Hispanic","Male","Nephritis..nephrotic.syndrome.and.nephrosis..N00.N07.N17.N19.N25.N27.",-1.45071072027915,1401.73378757698,212.658366388182,-0.103494025266155,-0.682179001427602
"466","65+","Hispanic","Male","Malignant.neoplasms..C00.C97.",-25.5850373970728,1401.73378757698,212.658366388182,-1.82524225525724,-12.0310514143471
"467","65+","Hispanic","Male","Cerebrovascular.diseases..I60.I69.",11.7600682832369,1401.73378757698,212.658366388182,0.838965885495647,5.53002850674134
"468","65+","Hispanic","Male","nonCovid",212.658366388182,1401.73378757698,212.658366388182,15.1710951303942,100
"469","65+","Hispanic","Male","ExternalCause",5.53143483648802,1401.73378757698,212.658366388182,0.39461379082897,2.60108968691646
"470","65+","Hispanic","Male","Chronic.lower.respiratory.diseases..J40.J47.",-3.7352240053101,1401.73378757698,212.658366388182,-0.266471710849374,-1.7564434772775
"471","65+","Hispanic","Male","Other.diseases.of.respiratory.system..J00.J06.J30.J39.J67.J70.J98.",3.06393538145245,1401.73378757698,212.658366388182,0.218581831201254,1.44077819908558
"472","65+","Hispanic","Male","Influenza.and.pneumonia..J09.J18.",16.252571476541,1401.73378757698,212.658366388182,1.15946206195365,7.64257327495591
"473","65+","Hispanic","Male","COVID.19..U071..Underlying.Cause.of.Death.",1189.0754211888,1401.73378757698,212.658366388182,84.8289048696058,NA
"474","65+","Hispanic","Male","Septicemia..A40.A41.",0.121847609882558,1401.73378757698,212.658366388182,0.00869263557477501,0.0572973506530845
"475","65+","Hispanic","Male","AllCause",1401.73378757698,1401.73378757698,212.658366388182,100,NA
"476","65+","Hispanic","Male","Diabetes.mellitus..E10.E14.",33.9057963821874,1401.73378757698,212.658366388182,2.41884705089378,15.9437867214199
"477","65+","Hispanic","Male","Symptoms..signs.and.abnormal.clinical.and.laboratory.findings..not.elsewhere.classified..R00.R99.",2.08996323133443,1401.73378757698,212.658366388182,0.149098441505581,0.982779688770606
"478","65+","Hispanic","Male","Alzheimer.disease..G30.",18.2126823531006,1401.73378757698,212.658366388182,1.29929680760445,8.56429147953465
"479","65+","Hispanic","Male","Diseases.of.heart..I00.I09.I11.I13.I20.I51.",87.3650908143953,1401.73378757698,212.658366388182,6.23264499926292,41.0823671310073
"480","65+","Hispanic","Male","Unknown",65.1259481422256,1401.73378757698,212.658366388182,4.64609961744602,30.6246818539677
"481","65+","Non-Hispanic Black","Both","Nephritis..nephrotic.syndrome.and.nephrosis..N00.N07.N17.N19.N25.N27.",4.02363320624613,1176.88133917348,358.884653194921,0.341889455828394,1.1211494195771
"482","65+","Non-Hispanic Black","Both","Malignant.neoplasms..C00.C97.",-18.0891880530741,1176.88133917348,358.884653194921,-1.5370443434661,-5.04039052437532
"483","65+","Non-Hispanic Black","Both","Cerebrovascular.diseases..I60.I69.",23.9513572895656,1176.88133917348,358.884653194921,2.03515481912446,6.67383157132575
"484","65+","Non-Hispanic Black","Both","nonCovid",358.884653194921,1176.88133917348,358.884653194921,30.494548706751,100
"485","65+","Non-Hispanic Black","Both","ExternalCause",9.90634277427075,1176.88133917348,358.884653194921,0.841745250309427,2.76031384626813
"486","65+","Non-Hispanic Black","Both","Chronic.lower.respiratory.diseases..J40.J47.",6.80227656363542,1176.88133917348,358.884653194921,0.577991708867831,1.89539354861766
"487","65+","Non-Hispanic Black","Both","Other.diseases.of.respiratory.system..J00.J06.J30.J39.J67.J70.J98.",8.26422976904799,1176.88133917348,358.884653194921,0.702214360442823,2.30275373869482
"488","65+","Non-Hispanic Black","Both","Influenza.and.pneumonia..J09.J18.",17.487352450345,1176.88133917348,358.884653194921,1.48590617152841,4.87269441439365
"489","65+","Non-Hispanic Black","Both","COVID.19..U071..Underlying.Cause.of.Death.",817.996685978561,1176.88133917348,358.884653194921,69.5054512932491,NA
"490","65+","Non-Hispanic Black","Both","Septicemia..A40.A41.",3.57361399159267,1176.88133917348,358.884653194921,0.303651173031803,0.995755588816367
"491","65+","Non-Hispanic Black","Both","AllCause",1176.88133917348,1176.88133917348,358.884653194921,100,NA
"492","65+","Non-Hispanic Black","Both","Diabetes.mellitus..E10.E14.",37.1915230348982,1176.88133917348,358.884653194921,3.16017611945633,10.363085382394
"493","65+","Non-Hispanic Black","Both","Symptoms..signs.and.abnormal.clinical.and.laboratory.findings..not.elsewhere.classified..R00.R99.",7.09205630904261,1176.88133917348,358.884653194921,0.602614390506296,1.97613808389591
"494","65+","Non-Hispanic Black","Both","Alzheimer.disease..G30.",28.6213186354264,1176.88133917348,358.884653194921,2.43196299259253,7.97507454850161
"495","65+","Non-Hispanic Black","Both","Diseases.of.heart..I00.I09.I11.I13.I20.I51.",112.298099175037,1176.88133917348,358.884653194921,9.54200694981736,31.2908613325532
"496","65+","Non-Hispanic Black","Both","Unknown",117.762038048887,1176.88133917348,358.884653194921,10.0062796587115,32.8133390493372
"497","65+","Non-Hispanic Black","Female","Nephritis..nephrotic.syndrome.and.nephrosis..N00.N07.N17.N19.N25.N27.",4.89793260983564,974.98816735863,322.193617649863,0.50235815918718,1.52018300224629
"498","65+","Non-Hispanic Black","Female","Malignant.neoplasms..C00.C97.",-16.9893187832823,974.98816735863,322.193617649863,-1.74251538142341,-5.27301530899507
"499","65+","Non-Hispanic Black","Female","Cerebrovascular.diseases..I60.I69.",17.465587633093,974.98816735863,322.193617649863,1.79136406141313,5.42083600553296
"500","65+","Non-Hispanic Black","Female","nonCovid",322.193617649863,974.98816735863,322.193617649863,33.0459002925879,100
"501","65+","Non-Hispanic Black","Female","ExternalCause",3.49124583481947,974.98816735863,322.193617649863,0.358080841563207,1.08358627966787
"502","65+","Non-Hispanic Black","Female","Chronic.lower.respiratory.diseases..J40.J47.",6.6164695157139,974.98816735863,322.193617649863,0.678620493789046,2.05356939221068
"503","65+","Non-Hispanic Black","Female","Other.diseases.of.respiratory.system..J00.J06.J30.J39.J67.J70.J98.",6.83499798563192,974.98816735863,322.193617649863,0.701033942201455,2.12139459356383
"504","65+","Non-Hispanic Black","Female","Influenza.and.pneumonia..J09.J18.",10.0463938021135,974.98816735863,322.193617649863,1.0304118694415,3.11812315693702
"505","65+","Non-Hispanic Black","Female","COVID.19..U071..Underlying.Cause.of.Death.",652.794549708766,974.98816735863,322.193617649863,66.9540997074121,NA
"506","65+","Non-Hispanic Black","Female","Septicemia..A40.A41.",5.39655183046115,974.98816735863,322.193617649863,0.553499212721844,1.67494063657268
"507","65+","Non-Hispanic Black","Female","AllCause",974.98816735863,974.98816735863,322.193617649863,100,NA
"508","65+","Non-Hispanic Black","Female","Diabetes.mellitus..E10.E14.",33.2516578499706,974.98816735863,322.193617649863,3.41046783573319,10.320396192983
"509","65+","Non-Hispanic Black","Female","Symptoms..signs.and.abnormal.clinical.and.laboratory.findings..not.elsewhere.classified..R00.R99.",6.14279815116549,974.98816735863,322.193617649863,0.630038225777358,1.90655488335621
"510","65+","Non-Hispanic Black","Female","Alzheimer.disease..G30.",33.1917402428041,974.98816735863,322.193617649863,3.40432236554469,10.30179942263
"511","65+","Non-Hispanic Black","Female","Diseases.of.heart..I00.I09.I11.I13.I20.I51.",94.8567892484548,974.98816735863,322.193617649863,9.72901953317385,29.440927458575
"512","65+","Non-Hispanic Black","Female","Unknown",116.990771729082,974.98816735863,322.193617649863,11.9991991334649,36.3107042847197
"513","65+","Non-Hispanic Black","Male","Nephritis..nephrotic.syndrome.and.nephrosis..N00.N07.N17.N19.N25.N27.",2.09587978650691,1480.29564768176,400.628870251423,0.141585215749921,0.523147466929081
"514","65+","Non-Hispanic Black","Male","Malignant.neoplasms..C00.C97.",-18.7877194047735,1480.29564768176,400.628870251423,-1.26918696506311,-4.68955704390022
"515","65+","Non-Hispanic Black","Male","Cerebrovascular.diseases..I60.I69.",33.9863360515949,1480.29564768176,400.628870251423,2.29591542100524,8.48324685893607
"516","65+","Non-Hispanic Black","Male","nonCovid",400.628870251423,1480.29564768176,400.628870251423,27.0641118805445,100
"517","65+","Non-Hispanic Black","Male","ExternalCause",19.1032821801288,1480.29564768176,400.628870251423,1.29050451577331,4.76832390240378
"518","65+","Non-Hispanic Black","Male","Chronic.lower.respiratory.diseases..J40.J47.",5.17546912785045,1480.29564768176,400.628870251423,0.349624018415211,1.29183628843385
"519","65+","Non-Hispanic Black","Male","Other.diseases.of.respiratory.system..J00.J06.J30.J39.J67.J70.J98.",9.680410815375,1480.29564768176,400.628870251423,0.653951177289155,2.41630384981987
"520","65+","Non-Hispanic Black","Male","Influenza.and.pneumonia..J09.J18.",28.9967461318779,1480.29564768176,400.628870251423,1.95884830015468,7.23780742852616
"521","65+","Non-Hispanic Black","Male","COVID.19..U071..Underlying.Cause.of.Death.",1079.66677743034,1480.29564768176,400.628870251423,72.9358881194555,NA
"522","65+","Non-Hispanic Black","Male","Septicemia..A40.A41.",0.632186299189627,1480.29564768176,400.628870251423,0.0427067593003919,0.157798487860569
"523","65+","Non-Hispanic Black","Male","AllCause",1480.29564768176,1480.29564768176,400.628870251423,100,NA
"524","65+","Non-Hispanic Black","Male","Diabetes.mellitus..E10.E14.",43.9815204588505,1480.29564768176,400.628870251423,2.97113083644665,10.9781205810877
"525","65+","Non-Hispanic Black","Male","Symptoms..signs.and.abnormal.clinical.and.laboratory.findings..not.elsewhere.classified..R00.R99.",8.2703638164107,1480.29564768176,400.628870251423,0.558696759621135,2.06434544051218
"526","65+","Non-Hispanic Black","Male","Alzheimer.disease..G30.",19.3197782713954,1480.29564768176,400.628870251423,1.3051297084911,4.82236296632113
"527","65+","Non-Hispanic Black","Male","Diseases.of.heart..I00.I09.I11.I13.I20.I51.",135.829317037774,1480.29564768176,400.628870251423,9.17582357622216,33.9040261757798
"528","65+","Non-Hispanic Black","Male","Unknown",112.345299679243,1480.29564768176,400.628870251423,7.58938255713869,28.04223759729
"529","65+","Non-Hispanic White","Both","Nephritis..nephrotic.syndrome.and.nephrosis..N00.N07.N17.N19.N25.N27.",-1.29385829232743,519.60872642364,84.7214696449691,-0.24900626693335,-1.52719056662901
"530","65+","Non-Hispanic White","Both","Malignant.neoplasms..C00.C97.",-8.64900085058207,519.60872642364,84.7214696449691,-1.66452186246204,-10.2087474247393
"531","65+","Non-Hispanic White","Both","Cerebrovascular.diseases..I60.I69.",8.6143376751472,519.60872642364,84.7214696449691,1.6578508475864,10.167833149314
"532","65+","Non-Hispanic White","Both","nonCovid",84.7214696449691,519.60872642364,84.7214696449691,16.3048588941317,100
"533","65+","Non-Hispanic White","Both","ExternalCause",0.958117946832346,519.60872642364,84.7214696449691,0.184392197072377,1.13090335997168
"534","65+","Non-Hispanic White","Both","Chronic.lower.respiratory.diseases..J40.J47.",-17.1162843733994,519.60872642364,84.7214696449691,-3.29407177035059,-20.2030069179941
"535","65+","Non-Hispanic White","Both","Other.diseases.of.respiratory.system..J00.J06.J30.J39.J67.J70.J98.",-1.72876097486844,519.60872642364,84.7214696449691,-0.332704376765791,-2.04052288293973
"536","65+","Non-Hispanic White","Both","Influenza.and.pneumonia..J09.J18.",-0.440387958291566,519.60872642364,84.7214696449691,-0.0847537648804834,-0.519806797659485
"537","65+","Non-Hispanic White","Both","COVID.19..U071..Underlying.Cause.of.Death.",434.88725677867,519.60872642364,84.7214696449691,83.6951411058682,NA
"538","65+","Non-Hispanic White","Both","Septicemia..A40.A41.",-0.636717169338191,519.60872642364,84.7214696449691,-0.122537812965649,-0.7515416954007
"539","65+","Non-Hispanic White","Both","AllCause",519.60872642364,519.60872642364,84.7214696449691,100,NA
"540","65+","Non-Hispanic White","Both","Diabetes.mellitus..E10.E14.",10.0233128598339,519.60872642364,84.7214696449691,1.92901164859611,11.8309005991483
"541","65+","Non-Hispanic White","Both","Symptoms..signs.and.abnormal.clinical.and.laboratory.findings..not.elsewhere.classified..R00.R99.",-0.123801106127281,519.60872642364,84.7214696449691,-0.0238258327529214,-0.14612719378698
"542","65+","Non-Hispanic White","Both","Alzheimer.disease..G30.",18.4709387470156,519.60872642364,84.7214696449691,3.5547783953028,21.8019574311202
"543","65+","Non-Hispanic White","Both","Diseases.of.heart..I00.I09.I11.I13.I20.I51.",12.2810270974746,519.60872642364,84.7214696449691,2.36351440477192,14.4957673054293
"544","65+","Non-Hispanic White","Both","Unknown",64.3625460436011,519.60872642364,84.7214696449691,12.3867330879131,75.9695816341673
"545","65+","Non-Hispanic White","Female","Nephritis..nephrotic.syndrome.and.nephrosis..N00.N07.N17.N19.N25.N27.",-1.25754756407999,444.045960112201,84.7594764263285,-0.283202118033509,-1.48366603606031
"546","65+","Non-Hispanic White","Female","Malignant.neoplasms..C00.C97.",-7.45029548125694,444.045960112201,84.7594764263285,-1.6778208002105,-8.78992626592333
"547","65+","Non-Hispanic White","Female","Cerebrovascular.diseases..I60.I69.",8.79466313106099,444.045960112201,84.7594764263285,1.98057496769901,10.3760234275458
"548","65+","Non-Hispanic White","Female","nonCovid",84.7594764263285,444.045960112201,84.7594764263285,19.0879962977057,100
"549","65+","Non-Hispanic White","Female","ExternalCause",0.543125520520519,444.045960112201,84.7594764263285,0.122312906615181,0.640784421306087
"550","65+","Non-Hispanic White","Female","Chronic.lower.respiratory.diseases..J40.J47.",-19.5341765589221,444.045960112201,84.7594764263285,-4.39913394414989,-23.0465988967037
"551","65+","Non-Hispanic White","Female","Other.diseases.of.respiratory.system..J00.J06.J30.J39.J67.J70.J98.",-1.61946473260251,444.045960112201,84.7594764263285,-0.36470655699543,-1.91065919810172
"552","65+","Non-Hispanic White","Female","Influenza.and.pneumonia..J09.J18.",-2.20931595708365,444.045960112201,84.7594764263285,-0.497542181562782,-2.60657102926296
"553","65+","Non-Hispanic White","Female","COVID.19..U071..Underlying.Cause.of.Death.",359.286483685873,444.045960112201,84.7594764263285,80.9120037022944,NA
"554","65+","Non-Hispanic White","Female","Septicemia..A40.A41.",-0.403376247859072,444.045960112201,84.7594764263285,-0.0908411029698698,-0.475906960338151
"555","65+","Non-Hispanic White","Female","AllCause",444.045960112201,444.045960112201,84.7594764263285,100,NA
"556","65+","Non-Hispanic White","Female","Diabetes.mellitus..E10.E14.",8.86735672788971,444.045960112201,84.7594764263285,1.99694570482054,10.4617879932246
"557","65+","Non-Hispanic White","Female","Symptoms..signs.and.abnormal.clinical.and.laboratory.findings..not.elsewhere.classified..R00.R99.",0.212406683654663,444.045960112201,84.7594764263285,0.0478343916474305,0.250599334269465
"558","65+","Non-Hispanic White","Female","Alzheimer.disease..G30.",24.5894188288894,444.045960112201,84.7594764263285,5.53758417770003,29.0108196341469
"559","65+","Non-Hispanic White","Female","Diseases.of.heart..I00.I09.I11.I13.I20.I51.",5.48928506280299,444.045960112201,84.7594764263285,1.23619750113614,6.47630836603171
"560","65+","Non-Hispanic White","Female","Unknown",68.7373970133144,444.045960112201,84.7594764263285,15.4797933520093,81.0970052098655
"561","65+","Non-Hispanic White","Male","Nephritis..nephrotic.syndrome.and.nephrosis..N00.N07.N17.N19.N25.N27.",-1.46196794153462,610.564807886522,77.3233104316168,-0.239445169890358,-1.89072083615401
"562","65+","Non-Hispanic White","Male","Malignant.neoplasms..C00.C97.",-10.7209556335577,610.564807886522,77.3233104316168,-1.755907889724,-13.8651017056998
"563","65+","Non-Hispanic White","Male","Cerebrovascular.diseases..I60.I69.",8.54370835031699,610.564807886522,77.3233104316168,1.39931228265369,11.0493307938139
"564","65+","Non-Hispanic White","Male","nonCovid",77.3233104316168,610.564807886522,77.3233104316168,12.6642265379285,100
"565","65+","Non-Hispanic White","Male","ExternalCause",1.38881279072825,610.564807886522,77.3233104316168,0.227463616112374,1.79611139638995
"566","65+","Non-Hispanic White","Male","Chronic.lower.respiratory.diseases..J40.J47.",-14.4556525412881,610.564807886522,77.3233104316168,-2.36758692190703,-18.6950771515045
"567","65+","Non-Hispanic White","Male","Other.diseases.of.respiratory.system..J00.J06.J30.J39.J67.J70.J98.",-2.18956910302546,610.564807886522,77.3233104316168,-0.358613708936924,-2.8317063648767
"568","65+","Non-Hispanic White","Male","Influenza.and.pneumonia..J09.J18.",2.25240693477369,610.564807886522,77.3233104316168,0.368905463544554,2.91297271443864
"569","65+","Non-Hispanic White","Male","COVID.19..U071..Underlying.Cause.of.Death.",533.241497454906,610.564807886522,77.3233104316168,87.3357734620716,NA
"570","65+","Non-Hispanic White","Male","Septicemia..A40.A41.",-1.1729584100674,610.564807886522,77.3233104316168,-0.192110386140271,-1.51695317171494
"571","65+","Non-Hispanic White","Male","AllCause",610.564807886522,610.564807886522,77.3233104316168,100,NA
"572","65+","Non-Hispanic White","Male","Diabetes.mellitus..E10.E14.",11.4051219516847,610.564807886522,77.3233104316168,1.86796254948981,14.7499142083048
"573","65+","Non-Hispanic White","Male","Symptoms..signs.and.abnormal.clinical.and.laboratory.findings..not.elsewhere.classified..R00.R99.",-0.767428024028838,610.564807886522,77.3233104316168,-0.12569149320697,-0.992492457636738
"574","65+","Non-Hispanic White","Male","Alzheimer.disease..G30.",9.69728507124259,610.564807886522,77.3233104316168,1.58824828191619,12.5412181877788
"575","65+","Non-Hispanic White","Male","Diseases.of.heart..I00.I09.I11.I13.I20.I51.",19.4484697257531,610.564807886522,77.3233104316168,3.18532438727908,25.1521431469917
"576","65+","Non-Hispanic White","Male","Unknown",55.3560372606196,610.564807886522,77.3233104316168,9.0663655267383,71.5903612398687
